City,Country/Region,Tair,HI,UTCI,APT,Hx,TsWBG,TWBG,Ts,Tw,BFI (Daily Mean)
Buenos Aires,Argentina,14080.27492,14091.21013,14108.77485,14106.33154,14118.42752,14127.395,14116.51175,14111.18904,14158.76376,Tair
Cordoba,Argentina,11762.59291,11776.00146,11800.26653,11806.77405,11809.72753,11817.40462,11815.65732,11807.59471,11831.56998,Tair
Rosario,Argentina,11729.01314,11753.65142,11774.25566,11787.24618,11802.01316,11815.92564,11790.78602,11792.57329,11850.22599,Tair
Brisbane,Australia,24786.45412,24780.05614,24794.26716,24798.3342,24812.55592,24819.11396,24781.05235,24811.4938,24837.63077,HI
Melbourne,Australia,25734.80618,25753.42128,25749.57688,25772.63286,25788.71005,25801.7033,25790.21734,25809.10744,25837.0957,Tair
Sydney,Australia,26871.622,26879.2687,26952.15697,26932.46156,26911.32896,26916.68356,26898.21635,26903.53882,26933.34753,Tair
Belo Horizonte,Brazil,25318.09664,25294.63365,25298.00313,25295.19402,25312.85923,25325.02659,25311.55844,25306.57921,25359.29231,HI
Brasilia,Brazil,22592.67111,22591.30824,22596.68466,22595.36536,22603.58291,22609.62451,22604.30554,22599.99135,22610.19939,HI
Curitiba,Brazil,23260.53973,23263.0294,23277.80543,23269.36582,23272.27783,23275.03621,23263.84321,23270.91177,23285.92124,Tair
Caratinga,Brazil,12004.1374,12001.38714,12008.5768,12005.71179,12003.9165,12004.37909,12006.70501,12002.96879,12004.98565,HI
Divinopolis,Brazil,15733.04813,15731.67086,15730.84545,15732.72168,15735.01925,15735.86164,15739.63013,15737.28268,15739.40803,UTCI
Fortaleza,Brazil,25011.77953,25011.293,25012.27878,25007.1965,25006.74213,25005.43008,25007.76947,25010.01061,25004.54407,Tw
Juiz de Fora,Brazil,11573.32621,11573.53298,11572.6308,11572.33931,11572.56725,11572.49379,11571.88577,11572.52127,11572.60798,TWBG
Londrina,Brazil,19530.63495,19546.75872,19555.22878,19563.67424,19584.34899,19594.43799,19568.74335,19574.40284,19620.04643,Tair
Maceio,Brazil,21991.23954,21995.3999,22000.1886,22003.72633,21993.59011,21994.79532,21988.66518,21992.68343,21999.44252,TWBG
Palmas,Brazil,13420.31779,13415.49973,13424.92335,13426.2824,13431.06633,13435.7053,13431.80138,13430.56566,13440.59363,HI
Porto Alegre,Brazil,24434.11822,24416.95085,24462.33753,24457.91918,24450.61314,24459.55387,24459.95104,24445.49407,24496.30811,HI
Rio Branco,Brazil,16514.4199,16514.10077,16517.36324,16516.37487,16515.03795,16516.12805,16515.62116,16513.85294,16519.00294,Ts
Sao Luis,Brazil,19595.91716,19603.38943,19608.34442,19612.26585,19607.45882,19608.61633,19605.61134,19605.65016,19610.57127,Tair
Salvador,Brazil,25042.65393,25044.72307,25045.81975,25046.21408,25049.9861,25050.59485,25047.1744,25048.13374,25051.36265,Tair
Santa Maria,Brazil,17143.49083,17140.66814,17155.1257,17149.23684,17141.52694,17142.23682,17151.62276,17141.22221,17145.0694,HI
Sao Paulo,Brazil,29389.33278,29400.43578,29501.12434,29474.08506,29504.67379,29548.98573,29502.11784,29477.79515,29700.1928,Tair
Teresópolis,Brazil,14795.57533,14792.62927,14804.6734,14801.54266,14800.07223,14801.11635,14800.31313,14799.53937,14805.25479,HI
Vitoria,Brazil,14915.82332,14913.85254,14922.63092,14916.51494,14913.35314,14913.25412,14912.58002,14913.96255,14912.86414,TWBG
Abbotsford,Canada,20328.25669,20328.22807,20322.65599,20326.81613,20329.43297,20330.07576,20327.87887,20329.55087,20333.26545,UTCI
Calgary,Canada,28449.09483,28448.18703,28444.98907,28445.76319,28446.59164,28446.11127,28447.43512,28445.81655,28444.71068,Tw
Edmonton,Canada,29444.18572,29444.62334,29442.94934,29444.82227,29445.9016,29446.00228,29444.63842,29446.58873,29446.97504,UTCI
Halifax,Canada,25213.62741,25211.53631,25214.56823,25211.29997,25210.1424,25209.66504,25212.27413,25211.08287,25208.45748,Tw
Hamilton,Canada,27516.02497,27518.83212,27515.6995,27517.05133,27520.26396,27520.90775,27516.58171,27519.15992,27521.7168,UTCI
Kingston,Canada,22203.32311,22203.40907,22209.30118,22205.41665,22202.5205,22202.52021,22202.72212,22202.50752,22202.09305,Tw
Kitchener-Waterloo,Canada,24965.20363,24964.82833,24965.65881,24964.97528,24967.36523,24967.70313,24966.63683,24967.84899,24970.10302,HI
London Ontario,Canada,26550.14153,26549.49406,26552.84394,26551.6718,26552.38124,26552.73198,26550.62737,26552.5919,26554.38771,HI
Montreal,Canada,34424.60403,34417.29077,34430.01268,34426.45631,34461.66872,34471.60075,34427.83208,34459.81794,34517.27052,HI
Niagara,Canada,26916.65226,26915.93404,26937.65366,26924.78456,26919.95451,26920.85888,26918.01354,26918.49804,26923.3474,HI
Oakville,Canada,23942.74708,23941.5955,23947.71415,23944.03334,23941.54051,23941.5067,23942.45975,23941.64465,23941.84338,TsWBG
Oshawa,Canada,25197.67656,25196.56793,25202.83327,25201.17213,25198.0264,25197.91537,25197.36901,25198.51532,25197.18309,HI
Ottawa,Canada,29296.6478,29296.51795,29299.22993,29296.02842,29298.35401,29299.12408,29300.25271,29299.17766,29303.41148,APT
Regina,Canada,22649.63745,22650.87302,22648.9495,22650.95962,22651.68394,22651.86752,22650.90723,22652.15038,22651.00484,UTCI
Sarnia,Canada,18467.00493,18467.79362,18472.16008,18469.2589,18467.33895,18467.35261,18467.60615,18467.10136,18466.70638,Tw
Sudbury,Canada,21471.07064,21472.80268,21481.50092,21477.7546,21477.08504,21478.00988,21474.66037,21475.5153,21480.36249,Tair
Saint John NB,Canada,22033.81452,22032.86279,22031.80971,22028.83622,22029.7291,22029.05109,22027.57417,22030.95843,22027.18429,Tw
St. John's NFL,Canada,23510.90199,23511.4173,23519.95049,23514.39385,23510.59572,23510.54719,23510.78953,23510.67664,23510.18963,Tw
Sault Ste. Marie,Canada,18709.36642,18707.75304,18714.23759,18709.29031,18706.82234,18706.72409,18707.5862,18706.96417,18705.96709,Tw
Saskatoon,Canada,23848.57903,23847.8334,23849.73448,23847.75428,23848.73375,23849.17687,23849.44657,23850.03049,23850.81295,APT
Thunder Bay,Canada,20468.53997,20468.03635,20471.57608,20467.75941,20467.87796,20467.77921,20467.63431,20468.826,20468.28299,TWBG
Toronto,Canada,37307.39754,37307.07708,37323.21026,37311.45549,37309.16752,37310.87468,37314.21232,37309.01174,37317.9461,HI
Victoria,Canada,25951.9015,25952.64453,25955.56508,25957.20834,25953.54452,25953.83525,25952.69323,25952.89767,25954.97532,Tair
Vancouver,Canada,33381.7208,33379.53915,33393.19678,33383.80265,33380.20391,33381.3015,33384.6048,33381.86339,33389.78734,HI
Windsor,Canada,25365.64398,25366.83513,25367.44487,25365.4362,25365.51201,25365.72514,25366.60849,25365.39306,25366.05544,Ts
Winnipeg,Canada,29627.52694,29624.10832,29630.55492,29624.98908,29621.86812,29621.38076,29623.32957,29621.96959,29622.05403,TsWBG
Chillan,Chile,4699.109887,4699.816925,4711.299629,4707.421739,4704.956708,4706.223236,4708.0899,4704.385999,4709.95886,Tair
Santiago,Chile,8891.436213,8895.432712,8907.469985,8907.918288,8916.446835,8923.412392,8915.069309,8920.007522,8950.356865,Tair
Temuco,Chile,6792.956187,6792.007344,6793.232062,6790.394266,6792.729036,6793.137766,6793.357674,6793.354936,6796.509344,APT
Valparaiso,Chile,8305.50728,8306.605272,8309.966916,8309.865608,8307.950797,8308.084937,8308.094667,8307.50999,8307.678706,Tair
Hong Kong,China,8896.374892,8896.066347,8898.106626,8899.008608,8895.22963,8895.787352,8893.887848,8894.230237,8898.950465,TWBG
Lanzhou,China,4983.521286,4985.403991,4985.025414,4985.963017,4984.893019,4984.525645,4986.384977,4985.051437,4982.452765,Tw
Shenyang,China,4925.477319,4930.615753,4930.861523,4933.395816,4940.029237,4941.746138,4934.727637,4940.502436,4945.10344,Tair
Suzhou,China,4439.526148,4454.533173,4476.458963,4476.512768,4459.067392,4466.95629,4454.992434,4452.39178,4488.871101,Tair
Taiyuan,China,5315.015011,5328.104866,5335.178234,5342.98874,5348.440507,5351.489696,5345.524247,5351.788558,5361.251425,Tair
Tianjin,China,3693.533175,3693.468788,3697.821418,3700.087567,3702.821702,3703.888727,3701.795974,3704.6416,3707.687457,HI
Xian,China,5711.504954,5716.414618,5719.035732,5719.794104,5718.330791,5718.736067,5720.239411,5718.012507,5717.850917,Tair
Bogota,Colombia,20188.85497,20190.78265,20178.7929,20172.7928,20169.23331,20166.576,20173.38295,20171.77436,20171.96198,TsWBG
Barranquilla,Colombia,15814.16953,15815.64406,15827.88934,15823.46111,15819.35515,15820.31274,15818.31088,15817.2936,15823.60166,Tair
Cali,Colombia,17905.46813,17904.49704,17904.33772,17902.22893,17901.38213,17902.02202,17900.65556,17901.31956,17905.92644,TWBG
Cartagena,Colombia,14154.19852,14149.74811,14154.55134,14151.62715,14153.50375,14152.85908,14152.43581,14154.53992,14152.07428,HI
Medellin,Colombia,17891.03547,17891.1043,17893.8678,17890.15557,17888.60469,17888.33915,17891.83481,17888.82831,17890.07908,TsWBG
San José,Costa Rica,13596.22454,13597.82951,13603.58954,13603.89112,13603.17236,13602.44481,13599.88845,13602.59261,13598.9792,Tair
Brno,Czech Republic,19943.66402,19941.63103,19943.33529,19941.76942,19944.60333,19946.68603,19945.01541,19945.79117,19956.96981,HI
Ostrava,Czech Republic,19389.68262,19390.72648,19400.70319,19393.47497,19395.00681,19397.06092,19393.8818,19394.14338,19406.80583,Tair
Prague,Czech Republic,24393.77457,24386.15005,24408.88494,24395.15109,24405.49412,24416.09942,24399.04056,24407.68133,24468.60318,HI
South Bohemia,Czech Republic,24055.69334,24053.88954,24071.94123,24059.88953,24053.65988,24054.82446,24058.97828,24054.03835,24062.74143,Hx
Guayaquil,Ecuador,5656.071523,5652.282488,5657.02456,5654.748689,5652.444739,5650.924542,5654.853096,5655.163617,5645.280901,Tw
Quito,Ecuador,5237.263999,5232.583539,5242.237567,5234.426518,5232.277077,5234.088638,5230.152189,5230.82709,5241.843371,TWBG
Kohtla-Järve linn,Estonia,13241.11705,13241.38549,13248.00311,13245.95057,13243.1249,13243.74922,13243.26964,13242.7703,13246.40012,Tair
Narva linn,Estonia,13405.47293,13405.46527,13410.0638,13408.44063,13404.69214,13404.6443,13407.23552,13405.47989,13404.98086,TsWBG
Pärnu linn,Estonia,12310.45863,12310.38153,12311.31014,12309.53147,12310.73968,12310.89665,12312.12915,12310.72857,12311.14083,APT
Tallinn,Estonia,20460.29615,20462.19562,20479.7328,20470.34786,20472.93426,20475.18111,20469.48887,20470.92097,20482.9609,Tair
Tartu linn,Estonia,14120.73123,14120.37089,14113.84205,14119.13731,14121.93874,14122.44072,14121.9143,14121.59874,14125.20757,UTCI
Helsinki,Finland,21215.01598,21218.42616,21226.86943,21224.87168,21230.22365,21233.07352,21225.25576,21229.36804,21242.10065,Tair
Bordeaux,France,15074.436,15069.86956,15072.95765,15071.49248,15076.27421,15079.49356,15079.53178,15080.41521,15097.56617,HI
Clermont-Ferrand,France,12579.48328,12582.44697,12587.32059,12587.33926,12592.1226,12595.93333,12597.12771,12595.29535,12610.55407,Tair
Dijon,France,11704.74468,11707.47783,11707.75416,11709.82796,11716.96765,11721.63805,11721.25596,11724.98288,11738.31802,Tair
Grenoble,France,13675.81405,13673.58646,13664.21243,13667.22271,13668.40468,13668.11815,13666.97784,13669.98977,13669.36474,UTCI
Le Havre,France,12682.21106,12683.28316,12683.21932,12681.53473,12686.24775,12687.10728,12686.8049,12686.452,12691.56422,APT
Lille,France,16408.47771,16408.35335,16413.64484,16405.82558,16410.57315,16411.65878,16406.90149,16412.69769,16418.28737,APT
Lens-Douai ,France,13981.9769,13977.1346,13998.79669,13980.11716,13971.0192,13970.00546,13976.35118,13973.39125,13969.66402,Tw
Lyon,France,16171.53385,16175.493,16162.13128,16173.90103,16209.65674,16230.49415,16220.65942,16245.75696,16319.40292,UTCI
Montpellier,France,13062.84199,13062.22283,13065.50692,13063.68247,13061.65205,13061.74595,13061.96338,13062.24036,13062.60367,Hx
Marseille,France,16616.04532,16618.46607,16643.22892,16636.09032,16628.34964,16631.00161,16627.64921,16625.01545,16639.9055,Tair
Nice,France,15025.30002,15025.07278,15045.9181,15038.60414,15035.97418,15039.13595,15040.06263,15032.79626,15048.76658,HI
Nancy,France,13309.89541,13312.30364,13309.14675,13311.19934,13316.96067,13319.64968,13317.51537,13321.43278,13328.71851,UTCI
Nantes,France,14491.3358,14492.22316,14507.71727,14496.91498,14499.91338,14502.76201,14502.37964,14499.41037,14515.02041,Tair
Paris,France,22311.29668,22278.80759,22420.33399,22392.87774,22447.43952,22497.84167,22641.48988,22666.39044,22950.22929,HI
Rennes,France,11235.08081,11234.45261,11241.79291,11236.87925,11236.58773,11236.98569,11236.40392,11236.56521,11238.91083,HI
Rouen,France,14212.17546,14212.71248,14213.19252,14215.27723,14219.04728,14221.10517,14218.55674,14221.14641,14234.61091,Tair
Strasbourg,France,13861.43885,13864.58487,13863.70636,13866.98222,13875.5233,13879.55926,13876.24987,13880.27879,13895.91476,Tair
Toulouse,France,14947.02645,14945.86894,14954.20483,14948.69309,14945.62814,14947.06705,14946.09098,14948.25836,14952.39923,Hx
Berlin,Germany,29794.84077,29800.50974,29888.2788,29851.59712,29893.14764,29937.19008,29917.45522,29916.5012,30117.41949,Tair
Bremen,Germany,22923.14604,22919.68143,22915.32257,22914.14389,22916.86374,22916.73813,22913.95731,22916.51608,22920.32142,TWBG
Dresden,Germany,22201.45442,22203.14921,22217.60985,22209.75838,22212.11775,22215.51872,22215.98022,22214.01528,22227.80499,Tair
Dortmund,Germany,22923.42879,22917.94169,22936.0787,22921.56445,22914.09161,22914.73887,22920.73674,22915.82666,22923.41645,Hx
Dusseldorf,Germany,22884.25724,22880.5274,22897.54738,22885.38146,22887.25711,22891.07761,22893.84729,22887.02613,22911.67616,HI
Frankfurt,Germany,23324.05509,23324.40069,23334.11081,23333.51172,23347.77309,23360.62992,23355.25221,23366.99705,23421.64187,Tair
Hamburg,Germany,27247.26363,27245.8511,27282.097,27256.20415,27252.16633,27257.71042,27256.24058,27251.54975,27285.9927,HI
Hannover,Germany,25292.70856,25296.3315,25311.42446,25301.16288,25311.0924,25316.63541,25309.23063,25311.68552,25340.36851,Tair
Koeln,Germany,24433.62584,24433.46311,24479.35276,24457.168,24461.3287,24472.55637,24463.89697,24465.64163,24525.5697,HI
Leipzig,Germany,22879.67336,22880.547,22892.23705,22885.29341,22890.82807,22896.27722,22890.47702,22890.65454,22921.99099,Tair
Muenchen,Germany,25431.26416,25426.38406,25433.1773,25424.56551,25422.74801,25422.56937,25423.02534,25424.38899,25427.97597,TsWBG
Stuttgart,Germany,22449.25471,22449.69975,22461.15287,22456.36733,22462.0988,22468.40836,22465.24763,22466.48779,22493.88934,Tair
Athens,Greece,12858.64593,12867.78307,12988.78969,13015.5605,12985.90359,13034.77998,13066.53747,13037.56715,13193.53218,Tair
Guatemala,Guatemala,8109.540169,8106.204024,8104.340156,8103.869592,8105.270886,8106.278029,8104.087106,8107.605678,8110.114926,APT
Mashhad,Iran,12091.05789,12091.99176,12106.96636,12107.0668,12104.68224,12110.34001,12114.6923,12119.40886,12133.83495,Tair
Tehran,Iran,19369.887,19369.02193,19379.1578,19381.77584,19392.28497,19410.10975,19420.65986,19489.19591,19520.54961,HI
East of Northern Ireland,Ireland,25159.02649,25158.56418,25154.77686,25153.21056,25157.23545,25157.20532,25155.79287,25157.10932,25157.44422,APT
NorthEast of the Republic of Ireland,Ireland,22326.4637,22327.04589,22325.05408,22325.72026,22328.55895,22328.60458,22325.23506,22328.51183,22328.32151,UTCI
NorthWest of the Republic of Ireland,Ireland,20510.25533,20510.66421,20515.96975,20510.77343,20510.77656,20510.90615,20509.48277,20510.26104,20510.52746,TWBG
SouthEast of Republic of Ireland,Ireland,25570.90156,25571.2716,25592.97443,25581.42557,25572.38152,25572.79061,25570.55896,25571.43344,25574.89978,TWBG
SouthWest of the Republic of Ireland,Ireland,25980.68027,25981.23264,26019.79366,25991.69902,25985.30869,25986.56303,25983.02641,25983.17489,25992.59825,Tair
West of Northern Ireland,Ireland,22970.55674,22971.18951,22969.6384,22969.84673,22972.8452,22973.1414,22970.30938,22972.38746,22973.98,UTCI
Ancona,Italy,5707.403135,5708.066993,5711.653155,5712.322981,5710.690412,5711.34654,5712.654675,5711.631309,5712.904783,Tair
Bari,Italy,8213.371071,8215.562074,8220.242202,8221.387287,8226.665509,8231.414474,8229.486307,8225.526349,8243.102271,Tair
Bologna,Italy,9139.170981,9138.781553,9139.947013,9142.54066,9150.896013,9156.823458,9154.16358,9151.584425,9176.947001,HI
Catania,Italy,6795.702102,6792.301664,6799.109402,6793.95014,6793.795562,6796.587444,6797.155105,6792.985701,6805.679576,HI
Cagliari,Italy,7007.354715,7008.704481,7002.917023,7005.215539,7006.419626,7005.614568,7004.697898,7006.93822,7001.635156,Tw
Civitavecchia,Italy,3914.614469,3915.591566,3916.408758,3915.986179,3913.347515,3913.116803,3914.282701,3912.940559,3910.558616,Tw
Florence,Italy,9124.180711,9120.820679,9128.384821,9123.866136,9121.541662,9123.214036,9121.168306,9121.905448,9131.662641,HI
Frosinone,Italy,4471.32181,4471.852003,4474.373517,4473.00137,4474.223774,4475.123954,4473.301865,4473.955504,4480.286686,Tair
Genoa,Italy,10241.82176,10236.02147,10234.29279,10228.39253,10228.6247,10228.48161,10230.12043,10231.12521,10233.5863,APT
Latina,Italy,6189.766683,6186.503575,6188.520532,6187.245009,6185.703065,6185.725204,6187.081598,6184.898006,6186.259257,Ts
Milan,Italy,11016.04063,11013.49199,11017.63131,11021.57612,11029.95539,11035.45028,11027.28578,11032.68819,11055.24141,HI
Naples,Italy,7658.807715,7646.243901,7674.000631,7665.517483,7651.647212,7652.318599,7657.643013,7652.618906,7657.633662,HI
Palermo,Italy,7659.862555,7657.25858,7661.45189,7659.117663,7659.765685,7661.273238,7662.675549,7657.888874,7667.161174,HI
Rieti,Italy,3769.934216,3769.413684,3769.961222,3769.548814,3769.511643,3769.939498,3769.377906,3768.999334,3771.786333,Ts
Rome,Italy,12221.63381,12223.08362,12228.87669,12230.41844,12259.46203,12273.75794,12249.71587,12262.70592,12316.4902,Tair
Trieste,Italy,8225.777479,8224.027395,8231.43974,8228.832225,8225.889587,8226.874036,8230.616296,8225.003374,8230.75341,HI
Turin,Italy,10429.41838,10413.66281,10421.08007,10420.57875,10425.68285,10430.39878,10418.54982,10426.16587,10450.55568,HI
Viterbo,Italy,4925.202629,4927.744632,4929.365412,4929.900778,4929.83167,4929.976055,4931.634557,4930.704038,4930.23208,Tair
Aichi,Japan,47935.66866,47893.25223,47938.08133,47916.30428,47945.97691,47966.55313,47885.36017,47933.84685,48049.26694,TWBG
Akita,Japan,39377.45749,39367.10159,39420.72439,39389.93521,39366.49005,39367.13798,39366.8635,39366.78689,39370.99489,Hx
Aomori,Japan,39724.8167,39727.06569,39818.08314,39774.20256,39757.11221,39763.54374,39741.5698,39748.93801,39789.66699,Tair
Chiba,Japan,46313.91316,46306.33636,46393.18643,46348.46566,46311.51934,46314.20259,46306.2093,46308.48577,46327.54618,TWBG
Ehime,Japan,40044.33562,40040.67073,40076.9778,40059.93717,40045.16953,40048.21227,40045.5565,40041.96315,40061.69592,HI
Fukushima,Japan,42025.59436,42021.40648,42061.28065,42040.61861,42035.36158,42039.24398,42029.65302,42031.57352,42056.51664,HI
Fukuoka,Japan,46643.74909,46623.49841,46659.6957,46635.95238,46623.52256,46627.20374,46626.56904,46621.72647,46645.34196,Ts
Fukui,Japan,36032.87408,36032.05343,36078.17858,36051.0433,36032.0954,36033.41889,36035.02006,36030.40072,36039.43947,Ts
Gifu,Japan,41278.98813,41275.67333,41293.23237,41275.7449,41281.0133,41287.4276,41269.32448,41272.83945,41312.33533,TWBG
Gunma,Japan,41253.58186,41249.06093,41266.63787,41261.49528,41270.04925,41276.85144,41252.35708,41264.23875,41306.36447,HI
Hokkaido,Japan,47962.33176,47941.16433,48039.59769,47982.91613,47964.83513,47967.04836,47965.63017,47964.73483,47984.22591,HI
Hiroshima,Japan,43579.02417,43565.85004,43604.26451,43564.88566,43559.78313,43563.54462,43561.97624,43556.07782,43582.1567,Ts
Hyogo,Japan,47476.94883,47481.25457,47546.50559,47493.77177,47463.74778,47467.79833,47470.39124,47460.69761,47486.53008,Ts
Ibaraki,Japan,43451.52032,43451.46494,43514.26064,43484.14914,43458.60615,43462.09395,43447.32038,43453.87081,43477.27319,TWBG
Ishikawa,Japan,37927.23623,37917.83488,37932.04284,37916.54789,37911.78336,37912.33187,37917.27457,37911.81278,37918.21176,Hx
Iwate,Japan,39752.32944,39743.95135,39781.97714,39748.30834,39740.17224,39740.04485,39747.42624,39744.1225,39743.96129,TsWBG
Kagawa,Japan,37563.54955,37553.52586,37587.25751,37567.85149,37555.0682,37556.84256,37556.52324,37552.98992,37565.59005,Ts
Kagoshima,Japan,41639.6514,41642.92945,41669.38427,41652.1348,41636.31392,41638.3093,41634.20258,41635.63438,41643.78635,TWBG
Kumamoto,Japan,41158.21586,41155.0391,41166.30322,41148.02905,41146.15578,41146.9399,41146.36328,41146.12185,41150.0822,Ts
Kanagawa,Japan,48461.85805,48448.90089,48554.17722,48515.98578,48442.34907,48444.15097,48437.90312,48441.77544,48456.17855,TWBG
Kochi,Japan,36834.48955,36830.73191,36848.04182,36831.59245,36825.5004,36826.20512,36829.56393,36824.38779,36830.14556,Ts
Kyoto,Japan,42752.65392,42756.01012,42779.95957,42757.76072,42765.40576,42770.63837,42750.85832,42761.27882,42789.68775,TWBG
Mie,Japan,40797.07796,40794.17418,40831.5698,40808.87519,40806.28444,40813.18262,40791.37751,40796.40213,40837.13606,TWBG
Miyagi,Japan,41390.20458,41382.74534,41416.77786,41398.65804,41398.10261,41401.73334,41386.47634,41393.82827,41420.00445,HI
Miyazaki,Japan,37925.67574,37922.07647,37962.36557,37947.36666,37927.10519,37928.82108,37923.39779,37922.91002,37933.44597,HI
Nagano,Japan,42224.15111,42208.14747,42207.67135,42189.7408,42184.83537,42182.24092,42200.81641,42187.99523,42182.28592,TsWBG
Nara,Japan,38440.39152,38436.2107,38439.84681,38436.1541,38435.74134,38436.99934,38434.42632,38435.70449,38444.77525,TWBG
Nagasaki,Japan,40380.10866,40383.67802,40427.85504,40415.01661,40384.84696,40386.62315,40382.0947,40382.18624,40393.39275,Tair
Niigata,Japan,43197.70997,43201.29241,43316.93973,43262.79614,43200.33538,43204.62806,43207.65541,43191.95069,43220.86606,Ts
Oita,Japan,38799.96611,38795.10809,38817.02066,38803.29638,38793.72553,38795.79698,38795.32502,38790.44695,38805.59817,Ts
Okinawa,Japan,36633.59951,36635.80044,36625.18966,36636.76162,36641.09973,36642.37226,36632.74617,36637.71718,36646.84045,UTCI
Okayama,Japan,41377.78937,41378.59858,41388.28415,41379.00445,41375.2914,41379.2189,41369.56734,41373.10863,41389.11971,TWBG
Osaka,Japan,50107.47672,50085.83058,50163.45136,50108.27614,50084.80666,50094.68687,50081.84101,50084.49353,50136.01294,TWBG
Saga,Japan,36586.71726,36580.67071,36587.65399,36579.27665,36573.05332,36572.63709,36582.00587,36574.86602,36574.11934,TsWBG
Saitama,Japan,47213.94865,47183.71126,47279.8546,47244.84776,47190.16442,47197.23784,47182.42367,47186.3298,47231.06049,TWBG
Shiga,Japan,37635.73577,37631.01772,37652.30845,37632.57415,37628.02024,37628.74414,37629.17832,37626.63754,37632.58755,Ts
Shimane,Japan,36578.45056,36576.81377,36606.60946,36597.33834,36577.63067,36578.34957,36579.83997,36577.46486,36582.4235,HI
Shizuoka,Japan,44455.85268,44451.181,44526.6843,44479.69644,44442.23997,44444.47214,44447.58696,44439.96621,44454.8639,Ts
Tochigi,Japan,40689.93674,40693.45498,40722.52834,40706.31778,40706.11746,40711.14837,40694.45839,40701.4814,40729.86124,Tair
Tokushima,Japan,36554.52942,36551.66079,36588.13086,36563.3617,36556.30824,36558.76424,36547.42735,36552.07606,36567.60433,TWBG
Tokyo,Japan,52358.66495,52312.61499,52486.62476,52403.01233,52329.6489,52342.41257,52320.01494,52326.95253,52412.20311,HI
Toyama,Japan,38269.67149,38272.11474,38284.70492,38274.84551,38277.6836,38281.0252,38270.82351,38274.36598,38293.6231,Tair
Tottori,Japan,34764.81172,34767.11822,34784.28175,34775.47872,34775.67766,34778.47245,34771.97597,34772.5696,34787.44317,Tair
Wakayama,Japan,38344.43329,38342.7317,38395.52,38361.35771,38344.98366,38346.80841,38343.50315,38344.91971,38355.12788,HI
Yamaguchi,Japan,40387.98851,40377.81037,40419.49521,40383.14179,40357.91688,40359.04843,40375.10028,40360.59891,40369.27501,Hx
Yamagata,Japan,39263.68517,39254.86535,39280.24387,39264.22191,39254.27321,39254.8095,39256.84198,39255.24353,39259.16536,Hx
Yamanashi,Japan,35909.31752,35908.15482,35916.63801,35909.22483,35908.77093,35910.09168,35907.03894,35907.00682,35917.0975,Ts
Kuwait,Kuwait,16056.19852,16054.96448,16054.05644,16045.76979,16042.95944,16040.01619,16038.5297,16033.264,16033.18924,Tw
Ciudad Juarez,Mexico,15994.76058,15996.56067,15997.26401,16011.04338,16032.25875,16050.0886,16043.84685,16064.38568,16069.35862,Tair
Comarca Lagunera,Mexico,16481.60236,16476.09667,16483.30887,16470.33744,16468.04927,16478.37856,16475.39404,16494.56914,16521.84952,Hx
Guadalajara,Mexico,20139.38839,20147.67094,20156.60255,20172.63407,20182.1294,20185.77329,20173.89183,20183.22298,20190.35023,Tair
Leon,Mexico,16798.95833,16800.57476,16820.62906,16824.70013,16826.21859,16827.64817,16817.99481,16824.17159,16824.03112,Tair
Monterrey,Mexico,19610.64201,19665.12683,19646.77841,19691.92594,19752.1237,19785.25236,19726.29023,19764.45263,19834.44552,Tair
Puebla-Tlaxcala,Mexico,18518.93021,18516.9988,18516.44785,18514.73094,18514.8987,18516.96346,18512.7484,18514.27119,18537.94265,TWBG
San Luis Potosi,Mexico,15632.02448,15625.51316,15628.06492,15620.19447,15623.9871,15627.97502,15624.05491,15624.4368,15647.41228,APT
Tijuana,Mexico,16424.50698,16426.48425,16439.16883,16433.04236,16435.73796,16438.50779,16433.05335,16435.16728,16449.36853,Tair
Toluca de Lerdo,Mexico,17196.92863,17196.1084,17204.52439,17201.90503,17206.69281,17209.52484,17196.26356,17204.34414,17210.61751,HI
Valley of Mexico,Mexico,24720.23075,24734.65009,24804.35517,24785.04153,24797.80413,24831.93296,24765.11876,24831.42987,24931.84668,Tair
Anenii Noi,Moldova,1712.848715,1712.611768,1712.591605,1712.665813,1713.478038,1714.146619,1713.522526,1713.856363,1717.413016,UTCI
Cahul,Moldova,3412.13533,3410.58795,3412.410391,3410.22262,3408.499853,3408.351564,3408.76606,3408.770026,3409.493228,TsWBG
Chisinau,Moldova,9621.34105,9632.958609,9641.081928,9644.970128,9651.582176,9656.708075,9656.618643,9656.607155,9669.745299,Tair
Falesti,Moldova,2523.373131,2520.530539,2519.145755,2518.111784,2515.09944,2513.005152,2516.272592,2514.667194,2510.199491,Tw
Amsterdam,Netherland,21437.60849,21441.12602,21449.62776,21449.51687,21453.02818,21456.34747,21457.04359,21452.46243,21469.26219,Tair
Den Haag,Netherland,20226.72059,20230.38449,20242.0872,20235.91163,20236.61484,20237.39078,20234.40985,20235.42133,20237.88239,Tair
Eindhoven,Netherland,17060.57774,17061.93831,17061.86153,17064.07396,17064.61844,17065.91333,17062.13839,17062.84728,17070.62066,Tair
Rotterdam,Netherland,21571.88791,21572.82671,21588.13528,21576.4215,21578.84019,21580.94592,21576.12054,21579.46592,21590.32733,Tair
Utrecht,Netherland,17150.29741,17149.68801,17161.70534,17154.7604,17148.13473,17148.22233,17150.02186,17147.29263,17146.93724,Tw
Oslo,Norway,36693.00336,36697.2445,36730.1902,36712.54788,36707.42702,36710.80639,36707.48192,36705.132,36722.37396,Tair
Panama,Panama,3483.077738,3485.299841,3489.510454,3485.758518,3484.552662,3484.403771,3485.26674,3484.994132,3484.267328,Tair
Asuncion,Paraguay,13472.82238,13522.45211,13491.54129,13535.63204,13551.35735,13567.21989,13550.76503,13542.12445,13589.90597,Tair
Apurimac,Peru,4637.000993,4638.571415,4639.593372,4641.065841,4642.36001,4642.005841,4637.898157,4641.922514,4638.551719,Tair
Arequipa,Peru,5567.505519,5563.517142,5563.194061,5565.597631,5571.231652,5571.260143,5573.755433,5570.522197,5563.301793,UTCI
Ayacucho,Peru,5222.333732,5222.33565,5223.463738,5226.642408,5226.664067,5226.611577,5226.774023,5226.827664,5224.787535,Tair
Cajamarca,Peru,6380.732415,6375.553629,6385.485029,6376.194591,6369.968474,6372.162789,6374.235684,6369.363091,6386.097086,Ts
Cusco,Peru,6183.899447,6185.386739,6187.259746,6187.508179,6188.85616,6188.635637,6185.393653,6187.700857,6189.919737,Tair
Huancavelica,Peru,4749.467766,4748.634666,4749.611779,4747.683539,4748.1172,4748.164191,4749.980787,4748.3902,4748.624391,APT
Huánuco,Peru,5796.44247,5795.502921,5790.447686,5792.079438,5790.792396,5789.700866,5794.876869,5790.9316,5788.738209,Tw
Ica,Peru,5977.89434,5980.165631,5984.058906,5987.354028,5989.273665,5989.807324,5983.939966,5987.779171,5987.976171,Tair
Junín,Peru,6560.364555,6560.375894,6563.924361,6560.707941,6562.760046,6563.893851,6558.758554,6562.113204,6570.703101,TWBG
Lima,Peru,9078.374169,9078.536214,9078.307174,9083.3707,9084.608329,9086.466084,9081.746908,9081.657792,9091.424804,UTCI
La Libertad,Peru,7070.704663,7071.276583,7071.543553,7071.513984,7070.128589,7069.700726,7074.362171,7069.234625,7068.524144,Tw
Lambayeque,Peru,6578.272785,6576.753547,6560.943902,6565.801759,6572.225172,6571.455149,6573.77225,6573.906675,6569.857168,UTCI
Loreto,Peru,3812.658131,3811.471993,3811.466857,3812.693979,3812.462504,3812.750809,3813.060448,3811.869301,3812.450739,UTCI
Piura,Peru,6963.253803,6959.600756,6970.548853,6969.212838,6974.87194,6979.637528,6967.61161,6969.691067,6987.778469,HI
Puno,Peru,6958.001196,6959.94649,6972.591151,6968.823476,6973.122746,6974.990647,6965.670126,6974.350995,6965.758291,Tair
San Martin,Peru,4961.304191,4957.6675,4951.745275,4952.032915,4950.751416,4948.531741,4958.733315,4954.576532,4944.920139,Tw
Tacna,Peru,4210.047495,4207.510852,4215.852467,4207.991441,4206.994255,4208.003705,4209.264453,4208.227573,4212.075168,Hx
Ucayali,Peru,4765.763874,4767.208869,4778.874655,4778.310163,4778.693286,4779.870475,4776.979941,4776.010433,4781.024538,Tair
Bacoor,Philippines,7774.343457,7788.153415,7779.403112,7782.004503,7796.14381,7799.991905,7776.503843,7788.792685,7804.946905,Tair
Cebu,Philippines,7006.07582,7008.76223,7034.061342,7034.517433,7006.759491,7005.781884,7006.679921,7008.146952,7005.426555,Tw
Callocan,Philippines,14596.25061,14592.57691,14612.95866,14604.20413,14595.72663,14598.79029,14590.79124,14593.1817,14616.70152,TWBG
Davao,Philippines,7494.660415,7495.347908,7510.01086,7507.7275,7509.900243,7514.190726,7497.286407,7504.416257,7521.088633,Tair
Las Pinas,Philippines,12446.15802,12450.50602,12464.95395,12460.83768,12454.73225,12457.94412,12449.60174,12451.00598,12476.6395,Tair
Makati,Philippines,11926.24311,11925.25241,11938.89424,11937.01834,11929.20054,11936.03423,11925.38686,11923.24494,11950.66765,Ts
Manila,Philippines,15796.45312,15805.54361,15881.95852,15871.02853,15824.6725,15844.93298,15813.9669,15808.07598,15903.10771,Tair
Muntinlupa,Philippines,11637.67235,11650.44191,11652.53199,11654.5443,11654.6661,11655.79256,11644.70475,11651.62053,11657.10352,Tair
Pasig,Philippines,12775.90607,12764.09102,12794.73383,12787.47557,12768.80191,12778.40782,12770.19321,12763.1736,12810.91408,Ts
Quezon,Philippines,7066.827786,7063.86737,7070.002649,7069.190128,7066.400495,7066.646875,7066.814419,7065.281803,7070.299117,HI
Taguig,Philippines,12274.65768,12289.60899,12290.16461,12289.63167,12292.49379,12295.74503,12283.46853,12288.21167,12300.69919,Tair
Valenzuela,Philippines,12286.5835,12282.45867,12282.23376,12281.56204,12284.3694,12286.29647,12283.13967,12283.52974,12294.34151,APT
Zamboanga,Philippines,5582.132452,5583.627536,5595.704386,5593.805204,5586.004168,5586.272205,5584.635488,5585.221187,5585.11284,Tair
Beja,Portugal,31109.78598,31104.72777,31108.64032,31107.26557,31114.75246,31124.61703,31118.58632,31131.23185,31188.35695,HI
Coimbra,Portugal,36599.70385,36584.24928,36617.4272,36604.93998,36613.16566,36630.83438,36625.37235,36623.61033,36718.56527,HI
Castelo Branco,Portugal,32794.04622,32787.2038,32789.96737,32789.23413,32804.24818,32820.9244,32821.2598,32836.91734,32932.91144,HI
Faro,Portugal,35583.87921,35596.82884,35731.21312,35714.54905,35704.64796,35739.85516,35709.50767,35673.93777,35851.52461,Tair
Lisboa,Portugal,47204.34119,47153.53155,47541.60689,47376.68392,47301.53644,47404.58463,47327.96338,47263.46773,47981.47421,HI
Porto,Portugal,43790.2276,43735.64203,44014.63316,43893.24643,43795.91843,43824.71105,43824.66895,43773.41532,43966.08496,HI
San Juan,Puerto Rico,7015.700747,7018.374569,7017.047389,7019.407951,7017.069964,7017.061361,7019.61771,7016.313984,7016.557846,Tair
Bucharest,Romania,28253.32054,28278.52621,28304.2921,28328.31016,28388.72406,28440.91089,28405.27527,28419.45553,28615.64873,Tair
Brasov,Romania,19265.33033,19265.06696,19265.73502,19264.5139,19266.22746,19267.12767,19265.48464,19265.9747,19269.6005,APT
Cluj-Napoca,Romania,19384.89426,19383.11035,19394.34368,19389.28265,19387.61081,19389.22811,19390.16767,19386.75244,19397.72207,HI
Constanta,Romania,19876.73633,19868.18366,19869.10361,19864.39015,19862.4456,19861.91877,19860.3571,19863.90913,19862.39389,TWBG
Craiova,Romania,18784.95316,18783.95878,18787.72164,18787.10838,18790.5607,18795.23607,18793.79387,18795.69474,18813.53678,HI
Galati,Romania,18926.09092,18930.13048,18929.78994,18933.62153,18937.60821,18940.97415,18938.85223,18938.91784,18950.87383,Tair
Iasi,Romania,19085.44503,19087.03562,19087.46216,19090.871,19091.92877,19094.35091,19093.57467,19096.33427,19104.47661,Tair
Timisoara,Romania,19596.30271,19598.07574,19595.87408,19598.13803,19610.06004,19617.06711,19612.5186,19613.02054,19643.05045,UTCI
Alfred Nzo,South Africa,17274.60598,17272.93793,17290.44365,17283.64265,17285.11171,17290.82968,17290.14868,17284.52094,17317.7689,HI
Amajuba,South Africa,16387.98544,16390.73148,16402.42048,16400.40592,16399.19639,16400.78914,16399.08388,16399.74994,16407.17226,Tair
Amathole,South Africa,19689.60831,19688.63118,19699.23244,19698.10459,19704.20356,19710.71133,19703.78573,19705.2755,19744.52423,HI
Buffalo City,South Africa,18582.60718,18579.17872,18617.16762,18594.60665,18589.37397,18593.1465,18589.21235,18587.74154,18612.17081,HI
Bojanala,South Africa,19207.88355,19202.51536,19229.49063,19257.60371,19325.83947,19379.90973,19338.24174,19362.68317,19489.01519,HI
Cacadu,South Africa,15658.72773,15657.69132,15648.88967,15652.07613,15663.51538,15668.97182,15665.46037,15675.33559,15695.26103,UTCI
Chris Hani,South Africa,18158.75867,18161.45409,18181.13628,18187.73038,18186.18747,18195.99745,18203.28841,18199.53611,18233.37161,Tair
Central Karoo,South Africa,10764.18727,10768.72395,10770.77302,10774.52196,10776.59978,10778.28529,10775.80677,10779.09456,10780.18249,Tair
City of Cape Town,South Africa,21504.54419,21504.85691,21556.31443,21515.06959,21515.68356,21519.75794,21511.06289,21513.10779,21540.28913,Tair
Capricorn,South Africa,18888.74372,18900.02728,18929.64345,18935.20742,18964.49225,18983.37632,18967.20045,18965.69926,19037.3402,Tair
Cape Winelands,South Africa,16593.76993,16583.55133,16590.94825,16584.54063,16587.65453,16595.47272,16587.13057,16603.27802,16642.72477,HI
City of Johannesburg,South Africa,22164.59253,22172.73626,22265.61623,22249.20684,22274.14352,22300.59214,22282.41757,22273.91792,22369.9539,Tair
City of Tshwane,South Africa,20592.49021,20602.30799,20665.35358,20671.96045,20720.41904,20768.04689,20723.99588,20740.56192,20891.41152,Tair
Dr Kenneth Kaunda,South Africa,18029.17388,18029.84762,18054.74614,18060.15912,18071.20977,18088.04363,18088.81906,18081.37035,18126.44779,Tair
Dr Ruth Segomotsi Mompati,South Africa,16101.39595,16115.16607,16139.12731,16149.93582,16153.58829,16160.25012,16163.88025,16159.81367,16164.97623,Tair
Eden,South Africa,15773.00205,15775.50975,15771.84513,15776.85888,15783.1007,15786.30216,15780.80159,15787.39622,15797.96823,UTCI
Ehlanzeni,South Africa,19766.38674,19762.76303,19771.85866,19782.68276,19814.9049,19831.34757,19795.07129,19813.46899,19887.70825,HI
Ekurhuleni,South Africa,21176.90201,21181.71499,21203.22079,21201.80035,21229.68408,21246.21046,21228.97599,21233.22918,21299.33162,Tair
eThekwini,South Africa,22210.34037,22203.72234,22292.68618,22263.1538,22247.88473,22255.73109,22215.7086,22236.13015,22286.73125,HI
Frances Baard,South Africa,16172.42375,16190.06138,16180.33415,16227.52525,16267.84582,16280.59828,16268.75702,16284.63022,16282.25851,Tair
Fezile Dabi,South Africa,16680.40756,16673.35138,16681.40074,16671.13961,16678.50748,16685.01084,16673.02558,16682.06078,16711.50712,APT
Gert Sibande,South Africa,18727.71865,18727.42274,18755.22372,18741.30971,18739.131,18743.96866,18744.43718,18738.39015,18766.13689,HI
Greater Sekhukhune,South Africa,18134.52257,18135.9364,18153.18633,18152.31846,18160.33019,18169.87238,18157.62486,18160.36726,18203.36785,Tair
iLembe,South Africa,16529.79976,16530.82669,16589.5434,16580.65975,16556.52736,16561.02033,16549.51696,16548.97825,16576.42843,Tair
Joe Gqabi,South Africa,15418.35136,15416.18127,15421.22569,15420.26844,15419.17918,15422.07372,15423.94651,15424.24275,15430.5444,HI
John Taolo Gaetsewe,South Africa,13500.08653,13495.65752,13508.63732,13517.21007,13528.25057,13537.03179,13534.58541,13537.49306,13540.54216,HI
Lejweleputswa,South Africa,18339.52335,18354.63973,18355.65303,18381.75773,18402.76447,18410.39171,18413.94743,18413.02338,18410.56142,Tair
Mangaung,South Africa,18851.56478,18845.98118,18861.54511,18858.24583,18877.92139,18896.63886,18894.50772,18906.52385,18933.31588,HI
Mopani,South Africa,17974.96177,17985.35391,17981.32309,17995.87986,18024.86986,18039.75146,18010.4287,18031.17519,18085.43003,Tair
Ngaka Modiri Molema,South Africa,17894.01787,17903.22165,17904.31724,17928.93656,17958.75746,17969.36002,17964.04846,17968.67078,17975.94129,Tair
Nkangala,South Africa,18775.16162,18778.94104,18784.41518,18781.49754,18794.82439,18801.98333,18793.30701,18797.22787,18830.07227,Tair
Nelson Mandela Bay,South Africa,19132.36967,19135.56388,19120.70096,19125.97601,19143.0474,19145.68652,19138.48768,19146.56487,19155.81419,UTCI
Namakwa,South Africa,10832.82577,10829.18636,10833.15629,10830.88303,10829.81684,10831.81326,10833.9578,10834.83566,10840.77519,HI
O.R.Tambo,South Africa,18909.22276,18914.17485,18912.35794,18920.12914,18934.23284,18941.47852,18922.35376,18932.37006,18973.51909,Tair
Overberg,South Africa,12941.03284,12942.03531,12934.57196,12935.23379,12942.28242,12942.16172,12942.50275,12943.12003,12941.69954,UTCI
Pixley ka Seme,South Africa,13834.5835,13836.48518,13835.6583,13840.74743,13847.88839,13851.6373,13851.72528,13855.01488,13855.46467,Tair
Sedibeng,South Africa,18285.97148,18295.04039,18316.3939,18323.40719,18343.30667,18355.02497,18345.10768,18350.30047,18383.7822,Tair
Sisonke,South Africa,16647.70998,16649.89583,16640.48339,16648.83171,16659.86589,16664.86494,16659.9201,16659.24575,16689.00853,UTCI
Siyanda,South Africa,14288.2449,14287.35215,14282.53918,14290.60646,14313.8649,14321.17902,14316.93094,14327.93569,14334.02507,UTCI
Thabo Mofutsanyane,South Africa,18837.97659,18838.4084,18861.81063,18851.40496,18852.34441,18858.85237,18853.83325,18852.38407,18883.84546,Tair
Ugu,South Africa,18098.36393,18096.64191,18110.07265,18102.12876,18103.1724,18105.80556,18100.52573,18100.36963,18117.96278,HI
uMgungundlovu,South Africa,19043.85549,19059.31309,19090.22926,19085.08274,19101.93191,19114.3428,19084.59823,19096.79453,19163.44134,Tair
uMkhanyakude,South Africa,16468.15912,16467.12788,16461.86658,16460.21298,16474.11403,16477.09192,16464.46881,16473.95791,16487.15908,APT
uMzinyathi,South Africa,16966.11389,16960.15425,16965.5441,16964.93872,16974.64733,16982.68652,16975.77913,16977.59929,17014.19837,HI
uThukela,South Africa,17831.04427,17838.20407,17848.47867,17851.2652,17861.04318,17869.44294,17857.556,17867.40183,17905.48259,Tair
uThungulu,South Africa,18456.37413,18464.60121,18476.84128,18480.35378,18498.17607,18508.91722,18483.17665,18497.68058,18547.87893,Tair
Vhembe,South Africa,17511.54877,17529.28092,17513.01575,17546.94382,17599.01277,17620.61273,17596.69184,17614.62309,17684.74512,Tair
West Coast,South Africa,15139.88469,15139.71629,15145.27035,15140.76584,15146.06116,15148.86571,15143.5063,15144.09893,15161.32079,HI
West Rand,South Africa,18008.21563,18011.99751,18026.77874,18024.10632,18034.33936,18041.15763,18032.06919,18034.97311,18058.55617,Tair
Waterberg,South Africa,15706.07214,15702.53973,15706.4873,15705.87042,15718.66827,15728.06006,15719.96496,15724.96638,15757.18263,HI
Xhariep,South Africa,14776.15492,14783.13952,14787.66529,14800.28006,14809.15004,14811.38755,14805.7574,14812.35305,14803.59704,Tair
Zululand,South Africa,17038.29527,17035.56415,17041.81468,17039.83392,17041.16727,17042.61252,17040.05779,17042.84736,17049.83539,HI
Andong,South Korea,16024.27332,16023.14403,16024.28467,16021.82421,16023.02542,16023.11349,16021.43244,16023.05478,16025.0525,TWBG
Boryeong,South Korea,14093.39979,14090.81273,14095.69857,14092.49041,14087.34877,14086.74682,14089.3587,14088.93877,14084.82118,Tw
Busan,South Korea,26270.70068,26264.7527,26293.78738,26284.98315,26268.70555,26268.88572,26264.26282,26268.23634,26269.55051,TWBG
Chuncheon,South Korea,16315.71879,16315.79478,16316.77276,16316.12661,16316.32548,16316.55592,16313.91953,16314.94107,16317.1088,TWBG
Chungju,South Korea,15885.46937,15886.93158,15887.34829,15886.04583,15886.78039,15886.8821,15885.64725,15885.71619,15887.54217,Tair
Cheonan,South Korea,17650.89381,17648.24266,17650.18338,17648.55459,17646.87102,17647.16254,17647.01279,17646.61819,17648.71066,Ts
Daegu,South Korea,24321.23889,24320.15986,24321.30072,24321.05181,24331.71012,24336.79807,24321.86895,24328.01508,24353.94488,HI
Daejeon,South Korea,21697.53456,21696.68401,21691.8593,21687.89903,21686.25422,21685.92411,21687.72163,21685.89334,21684.94733,Tw
Donghae,South Korea,12587.57939,12587.71973,12593.2569,12591.4678,12587.92672,12588.0355,12589.71706,12588.17854,12588.14414,Tair
Geojae,South Korea,14356.96054,14356.97524,14360.50782,14358.6137,14356.37258,14356.28205,14356.45531,14356.75892,14356.27961,Tw
Gangneung,South Korea,16077.73889,16081.12025,16086.04185,16084.51979,16084.70469,16085.71665,16080.67063,16082.5711,16089.63928,Tair
Gumi,South Korea,15881.24997,15880.57421,15883.42182,15880.58862,15877.45781,15877.32751,15880.2929,15877.49058,15877.19307,Tw
Gwangju,South Korea,21625.0772,21627.35087,21624.30657,21624.2115,21632.63708,21634.00248,21627.24445,21631.46728,21638.93375,APT
Icheon,South Korea,14497.30595,14496.94675,14499.84915,14497.94447,14497.32507,14497.81875,14495.5756,14496.98506,14500.34628,TWBG
Incheon,South Korea,24353.84701,24351.9341,24368.20462,24362.53509,24352.2066,24352.80463,24353.04407,24350.26539,24355.48558,Ts
Jecheon,South Korea,14287.62132,14288.65718,14289.44075,14289.65007,14290.43998,14290.66546,14290.28073,14290.70186,14291.80792,Tair
Jeju,South Korea,16378.56151,16377.71472,16369.65964,16368.41861,16378.71931,16379.20113,16379.74515,16378.1899,16381.07143,APT
Jinju,South Korea,17192.77441,17193.18098,17192.04308,17192.82642,17193.45372,17193.75968,17193.91702,17193.50936,17194.92388,UTCI
Jeongeup,South Korea,15256.68212,15256.68348,15248.98972,15250.02032,15257.54,15257.87292,15253.86041,15256.7963,15259.3746,UTCI
Milyang,South Korea,14817.4384,14816.06567,14823.28762,14818.06356,14814.13972,14813.96954,14814.72605,14814.14086,14814.40469,TsWBG
Mungyeong,South Korea,13252.66182,13256.404,13249.52301,13252.47193,13257.32285,13258.2232,13252.93315,13256.97216,13259.58232,UTCI
Mokpo,South Korea,15432.45698,15433.03764,15429.21587,15431.55152,15433.22831,15433.36391,15431.83051,15433.42712,15433.9502,UTCI
Namwon,South Korea,13692.18352,13694.90578,13694.2391,13695.72498,13701.92469,13703.52108,13695.67199,13699.22333,13705.74769,Tair
Pohang,South Korea,18544.39892,18544.78589,18555.67452,18553.78005,18548.86792,18549.77055,18548.09214,18548.43577,18552.92409,Tair
Seoul,South Korea,29253.68706,29250.65262,29289.61299,29264.46933,29254.94001,29261.54195,29255.21924,29248.77025,29289.66587,Ts
Seosan,South Korea,14510.46857,14510.894,14512.6524,14509.99017,14509.10875,14508.99497,14509.59853,14508.80341,14507.87805,Tw
Seogyupo,South Korea,13011.72184,13014.15877,13006.87949,13009.09092,13011.15661,13011.13057,13009.97998,13010.16999,13009.24265,UTCI
Sokcho,South Korea,11811.34581,11811.07899,11811.86998,11810.98464,11809.27789,11809.15861,11809.50195,11809.74717,11808.43212,Tw
Suwon,South Korea,19733.46385,19735.84765,19739.37305,19737.94775,19738.60928,19739.44094,19736.17953,19737.47607,19741.40343,Tair
Taebaek,South Korea,10092.43809,10092.97957,10089.18052,10090.22408,10093.63632,10093.71046,10092.60714,10093.89173,10093.4349,UTCI
Tongyeong,South Korea,14167.52218,14167.84347,14171.65218,14170.87695,14168.19998,14168.38566,14167.05221,14167.21497,14169.55595,TWBG
Ulsan,South Korea,20205.99758,20202.64797,20217.35322,20208.9709,20201.51494,20201.84161,20204.70346,20202.25443,20204.46717,Hx
Wonju,South Korea,16556.54157,16556.92141,16560.12011,16559.5045,16559.07889,16559.44696,16558.16722,16559.15693,16560.47767,Tair
Yeosu,South Korea,16780.64382,16780.61533,16789.14537,16784.58196,16776.86963,16776.54472,16779.02599,16778.07395,16776.09686,Tw
Yoengcheon,South Korea,14540.05077,14538.8755,14540.27009,14542.01441,14543.13886,14544.03335,14542.01171,14543.7931,14547.7961,HI
Yeongju,South Korea,14327.20353,14328.24992,14325.43499,14325.45775,14327.23292,14327.62664,14324.72427,14326.04904,14328.53995,TWBG
A Coruna,Spain,19771.68908,19770.31071,19772.47458,19766.46002,19768.14072,19768.06884,19766.23183,19768.66503,19768.76822,TWBG
Albacete,Spain,16036.90661,16037.28961,16040.48973,16039.12573,16035.65343,16036.08494,16039.63928,16037.96589,16041.18567,Hx
Alicante,Spain,20019.05447,20017.54984,20031.34698,20025.51739,20017.44671,20018.42907,20021.3209,20017.72385,20021.73605,Hx
Almeria,Spain,17184.46034,17192.16584,17213.49128,17214.20179,17204.83471,17204.9818,17208.68668,17204.4196,17202.47236,Tair
Avila,Spain,11833.07142,11833.52861,11841.19442,11838.31615,11836.39962,11838.14843,11840.96702,11839.39805,11845.66548,Tair
Badajoz,Spain,15864.27572,15864.27132,15866.45841,15865.9179,15864.78135,15865.08988,15866.74402,15866.79848,15868.48296,HI
Bilbao,Spain,21635.53784,21631.17822,21620.73489,21623.97348,21631.13085,21632.01558,21629.38794,21630.74033,21637.92256,UTCI
Barcelona,Spain,28741.59369,28783.48408,28812.79987,28825.14913,28855.13717,28870.59184,28844.58198,28843.96718,28909.64111,Tair
Burgos,Spain,17659.13827,17657.31218,17663.04067,17660.20659,17656.6728,17657.00974,17660.16493,17656.07619,17660.09484,Ts
Cadiz,Spain,16859.24855,16860.70423,16903.83166,16900.52513,16877.06201,16882.8391,16886.73305,16874.76244,16898.59041,Tair
Caceres,Spain,13531.32931,13533.68638,13530.48535,13535.59672,13540.53413,13542.92313,13544.69359,13545.40741,13551.11686,UTCI
Ciudad Real,Spain,12953.48689,12954.6279,12950.86192,12955.47715,12959.0515,12961.26802,12958.26941,12967.99394,12970.91538,UTCI
Ceuta,Spain,12403.1879,12404.08255,12404.66927,12405.47024,12404.96746,12404.48806,12405.65461,12405.68237,12404.44458,Tair
Cordoba,Spain,20157.03691,20156.71529,20158.78331,20163.40037,20176.10544,20184.38663,20177.74698,20190.96882,20214.64587,HI
Castellon,Spain,16719.81732,16715.01928,16713.56428,16712.12906,16711.79118,16711.7797,16711.51915,16712.04176,16711.05859,Tw
Cuenca,Spain,12107.61572,12107.40793,12113.22037,12113.65049,12108.4905,12109.64702,12113.4993,12112.09216,12115.33371,HI
Guadalajara,Spain,12528.27345,12527.48326,12531.96387,12529.14132,12527.67742,12527.65797,12531.52987,12526.70794,12528.49269,Ts
Girona,Spain,13575.29552,13574.70752,13573.62952,13574.9719,13573.41444,13573.17418,13574.86393,13573.61308,13572.82897,Tw
Granada,Spain,19426.51657,19427.90993,19434.33019,19436.72151,19438.33094,19442.55712,19445.49596,19447.31902,19460.04575,Tair
Huelva,Spain,16460.62193,16457.16615,16453.54563,16456.35353,16460.66489,16462.86169,16460.58226,16463.94707,16472.65281,UTCI
Huesca,Spain,12160.81151,12163.55897,12163.20918,12165.4645,12172.95302,12175.98993,12173.82063,12175.98789,12185.93748,Tair
Jaen,Spain,14945.823,14946.19694,14944.67599,14946.30969,14950.27283,14952.65194,14951.95275,14953.45689,14962.60763,UTCI
Leon,Spain,17108.71495,17108.79846,17109.64151,17110.46239,17109.19019,17109.02691,17110.48781,17107.33786,17108.46787,Ts
Logrono,Spain,16496.26033,16498.68786,16503.01885,16502.94285,16503.33468,16504.31991,16504.72544,16503.34253,16507.05767,Tair
Lleida,Spain,16112.66105,16107.01997,16111.83604,16104.77815,16101.12237,16100.14432,16101.93772,16098.78323,16098.68648,Tw
Lugo,Spain,15221.17441,15220.94309,15220.24312,15220.18343,15221.21784,15221.45227,15219.39126,15220.64758,15222.45885,TWBG
Malaga,Spain,22761.50509,22783.28467,22807.39028,22814.25121,22825.91966,22834.2882,22832.43011,22827.20896,22850.31035,Tair
Madrid,Spain,30938.01464,30922.8479,30933.89927,30944.05275,30964.1757,30999.01494,31000.43911,31075.23939,31204.99681,HI
Melilla,Spain,11541.76536,11550.92627,11541.25148,11548.7594,11552.04618,11551.86081,11552.60079,11551.23927,11551.82727,UTCI
Murcia,Spain,20313.96134,20304.547,20322.34282,20313.68355,20311.58792,20315.29792,20314.49048,20311.87987,20326.41055,HI
Ourense,Spain,15815.18148,15815.3878,15823.57866,15818.17311,15816.01145,15816.65995,15818.04571,15813.72337,15820.47655,Ts
Oviedo,Spain,19139.97691,19140.33717,19139.03231,19140.19046,19142.66636,19143.83151,19140.251,19142.18394,19149.63891,UTCI
Palmas G. Canaria,Spain,20428.58231,20426.21539,20431.18949,20428.57736,20422.97096,20422.93506,20423.79419,20423.74718,20423.89197,TsWBG
Palma Mallorca,Spain,20827.65241,20827.14441,20839.56418,20832.23755,20827.12371,20828.43518,20831.82454,20825.66542,20832.9251,Ts
Palencia,Spain,14671.50734,14672.75401,14680.56094,14675.29719,14675.58211,14676.40941,14674.59211,14676.75833,14678.73913,Tair
Pamplona,Spain,18215.21444,18218.53004,18220.35529,18224.75238,18230.61494,18234.49205,18231.58115,18231.52159,18248.0109,Tair
Pontevedra,Spain,13503.47475,13502.68018,13500.77246,13501.3681,13504.3319,13505.06681,13502.31361,13503.27157,13509.47443,UTCI
Segovia,Spain,12481.5609,12482.66394,12485.9488,12483.69118,12483.77915,12484.27503,12485.89164,12485.49358,12486.6137,Tair
Salamanca,Spain,17729.23472,17731.10874,17733.68158,17736.56751,17737.50747,17739.46765,17743.20746,17740.51092,17745.73277,Tair
San Sebastian,Spain,18414.42171,18412.54566,18424.98064,18417.51218,18413.00311,18413.38153,18413.76273,18412.91924,18415.12558,HI
Santander,Spain,18514.24939,18512.77409,18514.71592,18511.67248,18509.40129,18508.86003,18509.43817,18510.34698,18507.61226,Tw
Soria,Spain,10176.89186,10177.09602,10176.15739,10179.92355,10180.42039,10181.49788,10182.96619,10182.80851,10185.28833,UTCI
Sevilla,Spain,23974.13828,23963.83909,23961.77037,23965.62032,23991.67876,24010.67703,23997.89667,24024.46068,24095.91874,UTCI
Teruel,Spain,10239.78353,10239.71923,10238.90856,10240.7294,10240.68745,10240.91934,10241.73589,10241.50907,10240.15472,UTCI
Tenerife,Spain,18111.41233,18111.92399,18111.8833,18111.03713,18114.90813,18115.1859,18112.08472,18114.68118,18115.6749,APT
Toledo,Spain,12779.35145,12775.91331,12779.1873,12776.93641,12775.18481,12776.62987,12777.17471,12777.79308,12786.99252,Hx
Tarragona,Spain,15440.29215,15437.02336,15436.21146,15435.84654,15438.37012,15439.43252,15434.59297,15438.38922,15442.02759,TWBG
Vitoria,Spain,18109.05439,18107.45441,18109.93299,18107.05094,18104.96498,18104.7612,18104.73443,18105.90305,18105.09246,TWBG
Valladolid,Spain,20431.18917,20430.62233,20429.21265,20428.77029,20431.09582,20432.55765,20435.95642,20433.66397,20441.77806,APT
Valencia,Spain,24900.86795,24894.6939,24893.10085,24891.70491,24891.99436,24892.36308,24894.74009,24894.00901,24896.36955,APT
Zamora,Spain,13437.99282,13438.29503,13440.33408,13439.83972,13439.76047,13440.6266,13440.50907,13441.84878,13446.26568,Tair
Zaragoza,Spain,24005.8218,24006.87147,24014.23165,24019.14099,24025.85652,24033.19647,24030.97543,24038.45533,24061.28981,Tair
Gothenburg,Sweden,26945.82034,26947.11193,26949.08859,26950.50484,26953.55661,26955.28796,26954.64379,26954.02785,26963.49365,Tair
Malmo,Sweden,25520.07841,25518.7058,25531.04843,25519.03752,25518.03359,25518.67691,25519.19712,25517.88907,25521.81395,Ts
Stockholm,Sweden,30502.07217,30497.46852,30507.19945,30495.59782,30492.80449,30491.9217,30494.43262,30495.485,30490.23009,Tw
Basel,Switzerland,14757.92396,14757.64035,14755.6208,14756.87341,14758.41956,14758.46147,14757.11767,14759.30429,14759.1441,UTCI
Bern,Switzerland,13639.56915,13639.08238,13640.61417,13639.50787,13638.03948,13637.79406,13638.91665,13638.09089,13637.86536,TsWBG
Geneve,Switzerland,13534.6579,13536.20169,13533.24549,13537.75158,13540.54947,13541.83173,13539.35368,13540.57402,13546.169,UTCI
Lausanne,Switzerland,12463.97044,12465.66836,12469.20682,12468.11631,12468.4292,12469.00962,12468.9033,12467.45569,12471.23331,Tair
Lugano,Switzerland,13730.77763,13730.40104,13731.99035,13730.85778,13731.09266,13731.83103,13731.37048,13730.55586,13733.6684,HI
Luzern,Switzerland,11472.08394,11472.945,11474.81304,11474.9793,11476.16605,11476.94916,11477.53159,11476.92287,11480.98315,Tair
St. Gallen,Switzerland,10952.74723,10952.56241,10953.25897,10952.72816,10952.37234,10952.21389,10952.40516,10952.05618,10950.87746,Tw
ZÃ¼rich,Switzerland,17084.29301,17081.31559,17081.17936,17077.52147,17072.4518,17070.54257,17077.89794,17073.21219,17064.56125,Tw
Kaohsiung,Taiwan,24427.49128,24430.36451,24440.74971,24441.96055,24435.14924,24438.09322,24427.90195,24430.60663,24446.87131,Tair
Taipei,Taiwan,26435.92981,26434.7579,26458.7552,26454.1906,26441.94188,26447.24204,26431.55771,26436.81849,26465.08153,TWBG
Taichung,Taiwan,23396.15529,23395.22106,23398.08232,23397.26585,23397.46193,23397.9972,23395.3775,23396.39584,23398.73439,HI
Amnat Charoen,Thailand,6643.577344,6647.545599,6647.978918,6650.299635,6651.432004,6653.474931,6650.739833,6650.069587,6656.450476,Tair
Ayutthaya,Thailand,8295.556351,8297.468087,8293.782174,8295.233291,8301.685447,8304.649408,8293.695266,8299.583393,8314.121348,TWBG
Bangkok,Thailand,12384.54691,12386.61289,12376.54025,12376.94052,12391.31629,12397.6033,12377.33097,12389.42224,12418.45169,UTCI
Buri Ram,Thailand,8688.105426,8686.017569,8678.438566,8677.92831,8686.703343,8690.584491,8680.290731,8687.855989,8701.944696,APT
Chachoengsao,Thailand,8040.202207,8047.015792,8038.650747,8039.881711,8048.818664,8049.610969,8045.168924,8047.655953,8050.321464,UTCI
Chumphon,Thailand,6979.07394,6979.534921,6981.887667,6982.250929,6981.182576,6981.690636,6978.506787,6980.403475,6980.949758,TWBG
Chon Buri,Thailand,9478.112641,9480.438839,9497.300078,9494.035494,9486.122459,9489.871044,9481.221625,9480.79962,9499.892857,Tair
Chiang Mai,Thailand,10230.80006,10238.59333,10234.07107,10239.59512,10251.75419,10261.31568,10244.01,10250.85999,10286.6232,Tair
Chiang Rai,Thailand,9648.405809,9647.441282,9656.948212,9657.088979,9659.685872,9660.851306,9657.029823,9658.245414,9669.786724,HI
Chanthaburi,Thailand,8094.899702,8096.994183,8102.720341,8101.150757,8098.442734,8098.69529,8098.200218,8097.80751,8099.096257,Tair
Chaiyaphum,Thailand,8550.563269,8550.207381,8549.220232,8549.460422,8552.684332,8554.807167,8548.661441,8551.581718,8561.44907,TWBG
Khon Kaen,Thailand,9814.817666,9820.025444,9816.804606,9821.644767,9827.580217,9833.539479,9820.269461,9825.517174,9855.319075,Tair
Kalasin,Thailand,8691.630658,8695.318141,8702.193496,8699.419159,8700.204202,8698.826656,8696.906024,8697.901124,8701.512444,Tair
Kamphaeng Phet,Thailand,7164.301329,7175.959378,7174.745787,7177.376508,7179.41297,7181.595626,7177.602734,7177.503552,7188.75339,Tair
Kanchanaburi,Thailand,8053.412575,8061.017403,8058.596763,8062.097765,8062.313389,8063.822955,8060.552296,8063.666508,8065.108406,Tair
Krabi,Thailand,5953.352018,5960.374005,5961.139619,5961.941267,5965.00319,5966.676976,5957.335697,5961.217423,5968.837501,Tair
Lamphun,Thailand,7584.66373,7585.329465,7585.365892,7588.411247,7596.100039,7599.825842,7585.461291,7597.263596,7604.130728,Tair
Lampang,Thailand,9015.064323,9026.537948,9026.498375,9034.061948,9042.284429,9046.367592,9035.851168,9043.758477,9052.678811,Tair
Lop Buri,Thailand,8581.643542,8582.346438,8591.16702,8590.725646,8584.431284,8586.002831,8587.21639,8583.407504,8592.034977,Tair
Maha Sarakham,Thailand,8350.277548,8342.890574,8339.921904,8335.190027,8344.460543,8345.045547,8334.977671,8344.575153,8353.554752,TWBG
Mukdahan,Thailand,6150.471839,6148.681648,6155.057804,6154.611088,6149.17044,6149.883879,6152.438281,6149.167575,6151.397494,HI
Nan,Thailand,7850.586849,7847.572,7846.787914,7847.518139,7853.786597,7856.521046,7849.845113,7852.336606,7865.864639,UTCI
Nong Bua Lam Phu,Thailand,6905.435488,6906.302243,6907.533261,6906.778335,6903.458215,6901.936387,6906.963529,6903.935487,6899.06811,Tw
Nakhon Ratchasima,Thailand,10327.44074,10344.71521,10380.8172,10384.69667,10376.18811,10390.976,10365.29529,10365.56005,10434.62885,Tair
Nakhon Sawan,Thailand,9171.156272,9161.162712,9177.731462,9171.497794,9172.021371,9181.245506,9167.550273,9167.728039,9205.355683,HI
Nakhon Phanom,Thailand,7647.021165,7647.272982,7649.95514,7649.993228,7647.507109,7646.931925,7650.413775,7648.25601,7648.546578,TsWBG
Nakhon Pathom,Thailand,8537.143565,8550.258386,8543.536744,8542.883493,8548.83427,8549.140228,8545.455086,8547.457581,8550.53564,Tair
Nakhon Si Thammarat,Thailand,9135.683226,9132.265378,9128.779917,9129.59769,9127.514664,9125.976233,9129.876289,9130.778213,9124.806075,Tw
Nong Khai,Thailand,7956.100422,7959.428375,7962.82716,7963.264687,7962.170279,7963.683303,7959.320521,7958.4751,7966.933253,Tair
Nonthaburi,Thailand,8739.851102,8744.857942,8743.106768,8745.664172,8749.931632,8751.756539,8745.184491,8748.801596,8756.448797,Tair
Narathiwat,Thailand,7430.607133,7429.811039,7432.689942,7433.576757,7432.995829,7433.872245,7429.199496,7432.343057,7433.255283,TWBG
Phayao,Thailand,8138.334283,8145.510564,8143.525354,8144.771591,8144.941488,8144.294387,8146.849829,8146.096594,8141.87142,Tair
Phetchabun,Thailand,8474.91424,8477.927149,8477.084541,8477.263386,8476.694333,8475.081991,8479.692826,8478.491494,8471.270988,Tw
Phetchaburi,Thailand,7349.816999,7343.790176,7337.069491,7338.925968,7344.187082,7343.737397,7343.269099,7343.978448,7343.177632,UTCI
Phichit,Thailand,7454.101982,7457.60394,7448.791259,7449.907565,7454.354387,7457.644012,7453.551159,7452.679911,7467.45995,UTCI
Phrae,Thailand,8093.063085,8095.025907,8091.00128,8094.651374,8102.26041,8103.171886,8098.210698,8102.440071,8103.531102,UTCI
Phitsanulok,Thailand,8665.508089,8670.813715,8661.863479,8666.411174,8676.753658,8680.742205,8669.602352,8675.026201,8699.008582,UTCI
Prachin Buri,Thailand,7490.830182,7495.133159,7500.628784,7498.788426,7498.586231,7500.341564,7495.058718,7497.792835,7505.689141,Tair
Prachuap Khiri Khan,Thailand,7325.863767,7326.268077,7323.771009,7323.907485,7321.846356,7320.267089,7326.408185,7324.577472,7315.914253,Tw
Pathum Thani,Thailand,8053.31828,8055.606843,8054.519057,8056.948889,8056.739045,8057.168408,8055.268457,8056.204972,8057.213059,Tair
Pattani,Thailand,6999.769312,7002.554179,7007.84273,7005.480611,7001.407369,7000.624919,7002.910073,7001.766031,6997.948341,Tw
Roi Et,Thailand,9165.359308,9168.157569,9181.812026,9182.110218,9176.049569,9180.042369,9176.691459,9173.47885,9190.186222,Tair
Ratchaburi,Thailand,8609.392307,8612.292842,8608.11828,8611.709382,8619.366825,8626.310693,8611.853921,8616.796399,8642.73944,UTCI
Rayong,Thailand,7868.443492,7866.315713,7877.965141,7875.829985,7871.462095,7872.031923,7870.962058,7870.027902,7874.154565,HI
Sa Kaeo,Thailand,7091.437486,7085.177788,7085.916998,7085.084303,7083.486652,7082.340181,7086.616167,7085.316854,7081.359541,Tw
Sukhothai,Thailand,7770.294617,7774.546319,7775.384033,7777.385239,7775.163228,7774.780359,7775.47399,7777.240771,7772.500951,Tair
Sakon Nakhon,Thailand,8743.990634,8748.947888,8746.578877,8747.839341,8750.791178,8752.937816,8746.850439,8749.762023,8753.315353,Tair
Samutprakan,Thailand,8628.098176,8628.147453,8635.79672,8634.656372,8634.751556,8636.301087,8633.601233,8633.07371,8641.929371,Tair
Samut Sakhon,Thailand,7374.22913,7372.359705,7371.60352,7370.62921,7372.511143,7374.217427,7364.188116,7371.829191,7379.339661,TWBG
Songkhla,Thailand,8829.323457,8826.221953,8826.032374,8824.813965,8825.248827,8825.076587,8822.560001,8825.733528,8825.354663,TWBG
Suphanburi,Thailand,8409.390057,8420.740592,8414.425078,8417.108369,8421.835948,8423.713131,8419.045494,8420.667022,8429.475178,Tair
Saraburi,Thailand,8275.775176,8274.189154,8281.289781,8282.130861,8276.062169,8276.096706,8278.100855,8277.055141,8276.133768,HI
Surat Thani,Thailand,8167.10632,8171.14899,8159.749013,8157.789975,8169.503242,8168.705843,8169.114531,8170.762197,8168.425556,APT
Si Sa Ket,Thailand,8969.644917,8976.846112,8981.522532,8983.209148,8984.051857,8987.06592,8982.394701,8980.724027,8990.398462,Tair
Surin,Thailand,8916.075359,8925.550204,8908.961337,8912.425658,8919.144317,8918.8747,8913.927195,8917.77255,8917.043617,UTCI
Tak,Thailand,6878.568416,6881.89058,6883.104131,6885.214871,6876.672409,6877.650885,6884.420182,6879.178974,6883.744948,Hx
Trang,Thailand,6946.670487,6952.401995,6964.184653,6965.948106,6961.818709,6963.065272,6953.707372,6958.780725,6966.963665,Tair
Ubon Ratchathani,Thailand,9352.715512,9357.695,9361.70696,9362.396114,9360.918292,9362.691657,9357.188748,9359.401096,9370.389694,Tair
Udon Thani,Thailand,9424.839312,9429.908738,9442.313417,9441.902782,9444.874376,9450.407019,9437.699913,9440.105449,9470.698016,Tair
Uttaradit,Thailand,7984.067287,7982.537854,7983.205222,7983.244479,7993.512536,7998.715417,7983.909819,7991.081513,8010.869962,HI
Yala,Thailand,6718.417446,6713.034408,6715.481737,6714.591839,6712.702646,6713.970349,6711.936526,6711.398594,6715.671189,Ts
Yasothon,Thailand,7503.118034,7497.967768,7508.398187,7503.117359,7498.008813,7497.062228,7503.048442,7498.902417,7499.704032,TsWBG
Accrington/Rossendale,UK,14244.61924,14244.5297,14246.32279,14246.76595,14245.05397,14245.06063,14245.70952,14245.02605,14245.01039,HI
Bedford,UK,15732.4777,15732.5919,15733.83148,15734.43287,15734.28595,15734.47689,15733.39078,15734.74007,15734.47558,Tair
Blackburn,UK,17314.64508,17315.1225,17318.15043,17316.38488,17315.0969,17315.13232,17313.64456,17315.12844,17314.70335,TWBG
Blackpool,UK,21628.73353,21627.98079,21626.73805,21622.48649,21628.59793,21628.87116,21627.70129,21629.17767,21630.5304,APT
Brighton and Hove,UK,24449.58093,24449.36614,24481.25835,24469.1883,24452.48797,24453.49206,24447.29302,24450.85244,24458.20165,TWBG
Barnsley/Dearne Valley,UK,17287.44888,17286.57616,17290.01269,17287.36282,17286.20383,17286.52444,17287.12323,17286.24206,17288.63337,Hx
Birkenhead,UK,22354.98346,22354.88077,22346.17744,22348.22873,22353.96516,22353.72978,22351.45374,22354.63168,22353.23752,UTCI
Burnley,UK,17837.47616,17835.67665,17843.16048,17836.782,17834.39752,17834.12359,17833.72155,17835.58347,17833.5133,Tw
Bournemouth/Poole,UK,24204.4845,24201.79952,24220.4742,24209.51447,24198.56433,24198.25473,24205.66544,24199.48919,24199.14596,TsWBG
Bristol,UK,24575.58267,24573.99269,24586.032,24577.85406,24572.35965,24572.3435,24574.67027,24572.17802,24573.61462,Ts
Burton upon Trent,UK,14539.66237,14539.31522,14536.3976,14540.00586,14538.48922,14538.3535,14539.44326,14539.08466,14537.42204,UTCI
Basildon,UK,15739.00634,15736.92605,15741.1862,15737.59869,15733.58043,15732.78605,15735.84909,15734.90387,15729.48133,Tw
Basingstoke,UK,13686.79831,13686.29801,13687.64246,13688.43367,13684.58308,13684.35295,13684.54528,13684.46786,13684.11287,Tw
Chelmsford,UK,14263.64264,14264.08658,14267.18277,14263.38541,14264.11689,14264.29785,14264.73252,14263.97149,14264.21125,APT
Cheltenham,UK,16809.96459,16808.95126,16816.3381,16810.43043,16809.55556,16810.09016,16808.1493,16810.1613,16813.67731,TWBG
Chesterfield,UK,15426.04918,15425.63478,15423.67287,15424.20836,15426.34412,15426.49653,15425.79881,15426.95002,15427.32651,UTCI
Colchester,UK,14914.74117,14914.13053,14917.71191,14915.62866,14914.23458,14914.37333,14912.18713,14914.42397,14915.68013,TWBG
Cambridge,UK,15873.99491,15872.73274,15880.49643,15873.88244,15869.93385,15869.7962,15869.08621,15869.79587,15869.38109,TWBG
Cardiff,UK,22526.47057,22526.95346,22530.07784,22527.80469,22531.44701,22532.32816,22527.63576,22530.39477,22534.58999,Tair
Crawley,UK,16709.48371,16708.58046,16711.10013,16710.40167,16706.96092,16706.76368,16707.12499,16706.21262,16707.02777,Ts
Coventry,UK,21904.15712,21903.6657,21912.50416,21907.89989,21904.60923,21904.90781,21903.27645,21903.62541,21906.47769,TWBG
Doncaster,UK,16890.70658,16890.99179,16897.51639,16893.99795,16892.1468,16892.6904,16895.64313,16893.12359,16895.0248,Tair
Derby,UK,20469.13069,20469.93996,20462.30036,20468.38853,20470.74292,20471.02933,20470.36968,20470.92324,20471.45391,UTCI
Eastbourne,UK,16567.59536,16567.1841,16559.83601,16563.37421,16565.87689,16565.6983,16564.15104,16566.62207,16564.66597,UTCI
Exeter,UK,15559.89521,15560.27499,15577.41175,15569.74802,15562.31643,15562.55508,15565.27098,15561.81384,15563.63257,Tair
Farnborough/Aldershot,UK,18443.22256,18441.14864,18449.90424,18442.81394,18437.41572,18436.77288,18436.93297,18437.18116,18436.6077,Tw
Gloucester,UK,17365.20367,17365.90694,17372.33221,17370.57261,17367.93779,17368.24426,17367.32355,17368.57261,17369.76761,Tair
Grimsby,UK,16858.42248,16859.15135,16861.8647,16861.6506,16860.14955,16860.18236,16859.35736,16860.10796,16860.24949,Tair
High Wycombe,UK,13419.23694,13418.70382,13420.37963,13420.80559,13418.2721,13418.21378,13419.06426,13418.12814,13418.33249,Ts
Hastings,UK,19126.23663,19125.31005,19144.61913,19135.76269,19125.04624,19125.24885,19123.63294,19125.35639,19127.03472,TWBG
Ipswich,UK,18200.89032,18198.66029,18205.54167,18197.44614,18196.07339,18195.54056,18197.21548,18198.03772,18195.07263,Tw
Kingston upon Hull,UK,22091.83384,22092.16413,22099.05663,22097.43361,22093.49479,22093.79661,22094.81393,22094.07051,22095.65648,Tair
Leicester,UK,23171.23323,23168.84739,23182.81135,23171.76223,23168.80217,23169.08247,23167.13582,23168.85904,23172.51946,TWBG
Lincoln,UK,15405.21172,15406.02457,15390.26163,15398.46752,15407.3889,15407.87989,15404.53988,15407.42111,15408.63232,UTCI
London,UK,37393.81576,37380.58932,37517.02037,37392.2997,37432.23726,37450.68408,37415.43453,37440.40786,37548.85416,HI
Luton,UK,20018.0685,20019.55132,20028.78459,20024.91946,20023.71273,20024.71111,20024.18232,20022.98692,20027.64643,Tair
Liverpool,UK,27608.10068,27606.69621,27636.70521,27615.6098,27606.27678,27606.43404,27608.0248,27607.11962,27608.36121,Hx
Maidstone,UK,14662.64094,14662.73401,14663.86358,14663.64879,14662.7865,14662.83133,14663.00248,14662.87072,14663.20527,Tair
Medway Towns,UK,19551.06134,19552.05471,19542.8877,19549.46502,19553.92284,19554.59575,19553.21694,19553.83791,19557.18232,UTCI
Milton Keynes,UK,16563.15261,16562.56439,16559.45575,16560.16263,16563.47301,16563.68335,16561.87628,16563.41203,16564.28689,UTCI
Manchester,UK,31603.30213,31602.20882,31637.82039,31609.79084,31607.29826,31609.10453,31601.96811,31606.88632,31618.33989,TWBG
Mansfield,UK,17355.99726,17355.65884,17349.77252,17352.73906,17357.05478,17357.28548,17355.85854,17357.10757,17357.47446,UTCI
Northampton,UK,19138.03859,19137.30922,19146.7958,19142.17311,19138.64577,19139.22444,19138.19285,19138.52992,19141.97105,HI
Norwich,UK,18974.86554,18976.20014,18971.95809,18974.52031,18978.37175,18978.86516,18974.40705,18977.62921,18980.49349,UTCI
Nottingham,UK,25253.05182,25253.74768,25261.80998,25258.36889,25255.15763,25255.66441,25255.81369,25256.13326,25256.73084,Tair
Newport,UK,19427.26455,19427.13406,19439.68249,19430.54372,19428.56424,19429.11453,19428.07129,19427.88398,19430.86055,HI
Oxford,UK,15436.51407,15437.39134,15436.31284,15433.93741,15438.13567,15438.48122,15434.68772,15438.4338,15439.72963,APT
Paignton/Torquay,UK,18220.37779,18219.34989,18212.69715,18213.24939,18217.0471,18216.68569,18218.15035,18218.43501,18217.71402,UTCI
Plymouth,UK,20472.50247,20471.96595,20480.10909,20477.35755,20471.71688,20471.68369,20474.15412,20472.08244,20471.64651,Tw
Preston,UK,20006.78144,20006.27837,20012.14208,20007.03325,20003.26334,20002.68389,20002.88314,20003.62482,19999.51427,Tw
Peterborough,UK,17560.48398,17559.52186,17565.52194,17563.1092,17559.15916,17559.21417,17559.88882,17559.21147,17559.65382,Hx
Reading,UK,19699.38368,19699.05697,19687.52325,19693.6745,19699.41793,19699.50281,19696.4658,19700.46492,19699.788,UTCI
Sheffield,UK,25171.97304,25170.00979,25173.78529,25164.70884,25167.7257,25167.54152,25166.53214,25168.41691,25168.56703,APT
Slough,UK,16228.72525,16228.38355,16238.88087,16233.77939,16229.50183,16230.02177,16232.92698,16229.23318,16233.14114,HI
Sunderland,UK,21590.39163,21591.11372,21600.93706,21597.83321,21592.53549,21593.00826,21594.66897,21592.31793,21594.89143,Tair
South Hampshire,UK,25689.46554,25687.41148,25736.58149,25707.46539,25690.04784,25691.58074,25693.09228,25689.4702,25699.73234,HI
Southend-on-Sea,UK,21895.91427,21894.71912,21901.47576,21895.74688,21892.66027,21892.39057,21893.893,21893.4283,21891.85715,Tw
Stoke-on-Trent,UK,22341.50694,22341.08674,22337.52153,22338.29079,22339.73442,22339.05179,22339.42152,22340.1842,22335.98123,Tw
Swindon,UK,17792.23985,17791.43649,17801.27553,17796.95522,17788.10588,17787.584,17791.8432,17788.52419,17785.16647,Tw
Swansea,UK,19888.98859,19889.37133,19891.42649,19894.94334,19890.31231,19890.4659,19892.81068,19890.15508,19891.55512,Tair
Thanet,UK,17147.17767,17147.58276,17156.24626,17151.75725,17148.79501,17149.11356,17146.21096,17148.37681,17150.44114,TWBG
Telford,UK,14612.70543,14612.85275,14606.77263,14611.68188,14612.85549,14612.85393,14611.90764,14612.58156,14612.84828,UTCI
Teesside,UK,22662.7891,22660.72802,22654.30435,22656.24643,22658.5876,22658.22292,22658.42369,22659.53685,22658.37807,UTCI
Tyneside,UK,26396.63182,26394.34416,26405.9557,26398.11146,26394.89536,26394.89165,26394.35755,26395.95017,26394.47184,HI
Wigan,UK,17246.7219,17245.50922,17247.8489,17248.01315,17244.10898,17243.82981,17245.2856,17244.8599,17243.11406,Tw
Worcester,UK,14446.00023,14445.61623,14447.22089,14445.37333,14444.21424,14443.97223,14443.65058,14444.09979,14443.2269,Tw
Warrington,UK,17659.97938,17660.15076,17674.13967,17665.19492,17661.0768,17661.24988,17664.33745,17660.53854,17661.71277,Tair
West Midlands,UK,31971.62595,31971.85634,31999.24609,31972.50887,31990.83394,31997.47117,31978.64435,31989.89664,32024.89054,Tair
West Yorkshire,UK,29255.22456,29254.33985,29255.47044,29251.70903,29257.21169,29257.95335,29253.22126,29258.2853,29261.12541,APT
York,UK,16993.88109,16994.70402,17001.0659,16997.78852,17000.27604,17001.80525,16998.22552,16999.50574,17006.69372,Tair
Montevideo,Uruguay,6110.384155,6107.438401,6120.229227,6117.124853,6121.087689,6123.378588,6115.430384,6117.362228,6131.648869,HI
Augusta,USA,20128.27938,20131.15909,20134.28423,20133.57744,20132.97618,20133.911,20133.66894,20133.1487,20138.06252,Tair
Akron,USA,25564.14758,25564.86663,25558.4707,25560.62926,25564.10926,25564.3031,25561.91651,25563.2117,25563.13623,UTCI
Albany,USA,22628.84026,22629.55313,22625.03793,22628.92139,22631.48932,22631.94739,22628.55782,22630.65779,22632.96829,UTCI
Albuquerque,USA,23056.2182,23056.53857,23052.13836,23055.2224,23053.3148,23052.9299,23055.44311,23050.92474,23053.10469,Ts
Allentown,USA,22405.57826,22401.80147,22402.52402,22399.53091,22398.01837,22397.08006,22398.81497,22399.80861,22394.81631,Tw
Anaheim,USA,30854.90494,30848.87192,30845.97518,30842.7628,30845.1827,30846.20498,30848.61714,30847.57721,30854.01489,APT
Ann Arbor,USA,19509.98016,19508.34538,19508.91301,19507.86342,19508.44787,19508.13598,19507.85877,19508.64545,19507.51879,Tw
Austin,USA,23431.03322,23429.57902,23427.24916,23425.04768,23426.50404,23426.1489,23424.30055,23425.94594,23425.14215,TWBG
Atlantic City,USA,21442.07373,21438.99437,21445.67427,21444.92797,21438.51354,21438.59836,21441.72518,21439.47264,21440.73972,Hx
Atlanta,USA,30323.56858,30317.09758,30317.61874,30316.83632,30316.26173,30317.81693,30316.30968,30316.004,30324.28746,Ts
Buffalo,USA,28548.89228,28549.55827,28574.30265,28561.73647,28558.38234,28560.22716,28558.56772,28556.97865,28567.4182,Tair
Bakersfield,USA,24452.49438,24452.03526,24449.80706,24449.1533,24451.14334,24452.27911,24449.09641,24455.35443,24458.94303,TWBG
boulder,USA,17930.17533,17930.9769,17935.5087,17933.41917,17933.04117,17933.07348,17932.05534,17933.94171,17931.1459,Tair
Baltimore,USA,30558.03471,30556.06861,30565.80164,30561.61638,30569.01159,30572.29557,30559.34379,30565.62124,30582.81639,HI
Bangor,USA,18292.8083,18291.55854,18296.28745,18290.27735,18287.30846,18286.72712,18291.24351,18287.87765,18285.90156,Tw
Boise,USA,14629.18821,14629.26063,14629.20495,14630.69195,14631.42383,14632.37121,14631.09111,14633.491,14636.16023,Tair
Bergen,USA,29108.68757,29106.74747,29107.43314,29102.98707,29101.84238,29101.6583,29105.51972,29101.86206,29103.20424,TsWBG
Burlington,USA,16055.63414,16056.05571,16052.66779,16054.27429,16054.33747,16053.97119,16054.8182,16054.58159,16052.62346,Tw
Birmingham,USA,27970.77304,27962.31793,27972.97904,27968.68522,27966.11981,27968.22809,27966.2662,27966.2648,27975.57513,HI
Barnstable,USA,21595.17864,21595.71729,21609.9032,21601.88272,21597.2057,21597.79366,21595.00714,21595.32262,21599.79819,TWBG
Brownsville,USA,20015.24568,20017.47904,20019.37755,20019.39358,20017.71298,20018.54912,20018.19848,20016.33425,20019.52686,Tair
Boston,USA,32634.04964,32626.08254,32676.39791,32634.18836,32628.86562,32632.65495,32631.50816,32625.87542,32653.26022,Ts
Baton Rouge,USA,22518.6985,22518.41876,22522.65146,22520.58552,22520.03228,22520.05145,22519.71786,22519.80065,22521.09403,HI
Cedar Rapids,USA,18601.82681,18603.67262,18603.78175,18605.17013,18606.04944,18606.59875,18605.16975,18604.68643,18608.69211,Tair
Chicago,USA,37254.28982,37081.17492,37410.15703,37355.69937,37247.70467,37254.83638,37279.53989,37274.2764,37336.83777,HI
Charlotte,USA,23601.10391,23599.10379,23600.47193,23597.23794,23594.07023,23593.2572,23598.25093,23594.35729,23591.91051,Tw
Charleston SC,USA,21265.59204,21258.07582,21260.19161,21258.83522,21259.45186,21258.82973,21261.16294,21261.31847,21260.25701,HI
Chattanooga,USA,22430.36494,22434.0258,22434.27662,22435.76182,22437.2738,22438.02345,22438.02831,22436.46503,22438.79817,Tair
Charleston WV,USA,21737.45233,21740.23793,21748.94377,21744.17666,21742.22179,21742.96208,21741.9212,21741.27964,21745.213,Tair
Columbus,USA,27386.25259,27387.53808,27396.30917,27392.42684,27392.02833,27393.05588,27391.40789,27391.27188,27395.84905,Tair
Colorado Springs,USA,21264.85064,21265.5975,21267.71905,21268.33471,21269.42498,21271.09545,21272.27701,21271.98133,21269.98003,Tair
Cleveland,USA,31788.44807,31784.72048,31813.30521,31794.3833,31783.59282,31784.38231,31789.1605,31783.70855,31788.88072,Hx
Cincinnati,USA,27839.4286,27843.04121,27855.8633,27851.61224,27851.5258,27853.99302,27849.66136,27849.08465,27859.55697,Tair
Canton,USA,24037.68966,24038.12599,24046.53285,24043.38002,24041.87905,24043.03704,24041.80689,24041.24824,24047.20435,Tair
Columbia,USA,23353.82276,23353.56799,23354.41316,23354.18611,23357.31467,23358.88053,23353.56462,23356.40375,23364.09695,TWBG
Carlisle,USA,20159.32758,20160.50294,20156.85512,20161.09052,20162.91287,20163.49751,20161.39843,20163.07049,20164.57229,UTCI
Corpus Christ,USA,21346.32577,21347.55583,21338.49623,21336.38247,21343.82439,21343.71395,21341.78275,21344.02316,21342.163,APT
Davis,USA,15819.99299,15819.94368,15819.93838,15819.6811,15819.15736,15818.77745,15818.27877,15819.15652,15817.69282,Tw
Dallas,USA,29630.34911,29630.12456,29634.77085,29629.88151,29633.80224,29636.20352,29628.8131,29634.84014,29643.4749,TWBG
Denver,USA,27642.60145,27645.86126,27651.98872,27652.37625,27656.23041,27660.26759,27662.294,27665.6411,27679.80229,Tair
Dover,USA,16663.66748,16661.77138,16664.47731,16663.71935,16664.15777,16664.14234,16664.37853,16665.21897,16665.83881,HI
Durham,USA,19194.67237,19196.50871,19200.358,19198.92069,19195.35127,19196.06987,19198.60589,19193.60261,19197.2285,Ts
Des Moines,USA,21801.94879,21801.33078,21797.97256,21796.76272,21797.75724,21797.30551,21798.92182,21798.47617,21795.7781,Tw
Detroit,USA,34460.55572,34458.71452,34524.05388,34492.32133,34493.04764,34501.59793,34484.11576,34487.9294,34534.87118,HI
Davenport,USA,22038.87802,22039.22142,22037.82078,22036.37632,22037.30639,22037.25601,22038.52346,22036.92974,22036.93751,APT
Daytona Beach,USA,24961.87404,24950.8671,24954.04472,24954.81352,24946.16643,24945.41154,24956.53976,24948.92287,24948.85852,TsWBG
Dayton,USA,25759.36328,25759.50826,25764.65359,25762.05964,25760.0072,25760.04155,25760.00853,25759.49276,25759.76902,Tair
El Centro,USA,15689.62162,15693.13534,15685.49577,15686.56726,15690.73148,15690.14316,15688.32033,15688.83498,15687.17418,UTCI
Elkhart,USA,18410.37823,18410.76785,18409.2714,18411.89427,18411.73624,18411.85572,18411.81989,18411.71337,18412.39784,UTCI
El Paso,USA,23538.09546,23538.01895,23538.52976,23542.16582,23542.92684,23544.35619,23548.5827,23541.86497,23541.08329,HI
Elizabeth,USA,24776.93885,24777.11304,24778.31616,24776.32751,24778.06482,24779.82379,24778.19532,24777.53793,24787.01911,APT
Erie,USA,22074.88051,22075.24185,22082.02813,22078.08127,22074.94175,22075.0948,22075.67725,22074.49742,22075.93172,Ts
Essex,USA,26278.43549,26274.26168,26283.19086,26277.58257,26276.96244,26278.53672,26279.56692,26277.42474,26286.80163,HI
Eugene,USA,21496.05612,21497.29345,21500.03726,21499.32313,21499.41149,21500.05667,21497.8432,21499.52374,21502.17744,Tair
Evansville,USA,20105.99877,20099.28329,20101.35907,20099.54976,20098.12997,20097.62367,20099.41852,20098.89478,20098.26394,TsWBG
Everett,USA,22967.24334,22967.04804,22972.99754,22968.95278,22969.52003,22970.08535,22968.17722,22969.3958,22974.007,HI
Fargo,USA,15262.81947,15262.17158,15258.23894,15259.57884,15261.12612,15261.02264,15262.06187,15261.41679,15261.83941,UTCI
Flint,USA,23437.02007,23438.21931,23434.44781,23438.56868,23442.56152,23443.6375,23439.82504,23442.40655,23447.79121,UTCI
Fresno,USA,25218.16739,25224.24705,25221.77687,25225.23644,25228.80222,25230.80897,25226.73915,25232.59347,25237.17119,Tair
Fort Lauderdale,USA,30374.92404,30370.02103,30381.61581,30379.03356,30372.35626,30372.68713,30370.17681,30372.33621,30374.55465,HI
Fort Myers,USA,23903.31288,23903.26761,23904.55303,23904.28142,23904.55207,23904.85463,23904.60546,23904.14509,23906.03756,HI
Fort Pierce,USA,22651.59195,22652.94549,22651.46759,22652.30955,22653.88889,22653.80981,22653.85566,22653.68012,22653.14372,UTCI
Fort Worth,USA,27754.47954,27755.0359,27764.51462,27764.52663,27756.61949,27757.19562,27759.77053,27758.63487,27757.59695,Tair
Ft Wayne,USA,21861.29804,21861.74643,21864.45085,21864.01344,21863.20207,21863.38469,21862.69246,21863.02144,21863.87694,Tair
Fayetteville,USA,19445.821,19445.99548,19449.28186,19447.55487,19443.60025,19443.33055,19446.0807,19443.35494,19441.7335,Tw
Gary,USA,24621.21631,24616.13797,24630.57375,24624.70675,24622.6117,24623.79455,24624.09426,24623.37005,24629.32362,HI
Green Bay,USA,18997.68455,18997.08408,19005.64856,19001.67552,19000.71639,19001.26103,18998.57196,19000.50534,19004.07412,HI
Greensburg,USA,24189.30216,24189.96728,24196.31851,24189.69445,24189.7427,24189.74168,24189.97917,24190.05253,24189.76597,Tair
Grand heaven,USA,18300.41675,18299.38612,18304.25264,18302.08143,18297.4835,18297.27173,18298.24286,18297.84926,18296.15876,Tw
Grand Rapids,USA,23659.57406,23658.37532,23665.36747,23660.05911,23658.73385,23659.17853,23658.56547,23657.89815,23660.48442,Ts
Greensboro,USA,22887.14039,22886.7102,22887.09378,22886.95685,22886.23786,22886.1244,22886.28087,22886.42817,22886.42636,TsWBG
Greenville,USA,22041.90915,22040.77866,22046.61883,22044.00237,22041.02966,22041.43024,22039.21437,22040.25664,22043.96438,TWBG
Gainesville,USA,18255.46762,18257.36385,18257.8648,18257.8723,18257.963,18258.45516,18259.27881,18257.90572,18260.44675,Tair
Hickory,USA,17432.21704,17432.85019,17427.82494,17430.29247,17431.05065,17430.03675,17430.69236,17432.12719,17426.52915,Tw
Honolulu,USA,19153.55464,19150.98692,19152.39234,19153.64263,19149.26589,19149.43736,19148.63287,19149.305,19150.77803,TWBG
Harrisburg,USA,21523.04744,21521.15205,21525.92101,21523.55644,21520.28897,21520.20245,21522.76819,21520.03106,21521.13434,Ts
Hartford,USA,27076.121,27071.93608,27081.24394,27076.38816,27080.54392,27083.48014,27078.88774,27079.02199,27097.36386,HI
Houston,USA,31308.46769,31312.81781,31314.29339,31312.63864,31319.052,31321.37742,31312.28578,31316.65126,31327.02039,Tair
Indianapolis,USA,26975.57525,26970.39467,26987.10629,26976.27596,26970.58821,26971.82389,26970.62547,26970.42617,26979.01748,HI
Jacksonville,USA,25895.84654,25900.99555,25893.00585,25898.66228,25904.95189,25905.50887,25897.38763,25903.75584,25907.1266,UTCI
Jersey City,USA,25208.89236,25209.62147,25214.40835,25214.57984,25215.30111,25216.43755,25213.46452,25214.526,25220.53945,Tair
Kalamazoo,USA,19791.03099,19790.09912,19787.71629,19782.54293,19784.49957,19784.11425,19785.35257,19785.4295,19784.17852,APT
Kenosha,USA,17652.69886,17651.38694,17651.82548,17651.16837,17650.84856,17650.59912,17652.25909,17651.48315,17650.95094,TsWBG
Kansas,USA,28422.35591,28429.66861,28432.30356,28433.0679,28436.25463,28440.37392,28434.17855,28436.20339,28452.6847,Tair
Knoxville,USA,23827.52683,23828.66066,23828.55896,23827.95464,23829.36847,23829.75284,23828.67249,23828.41749,23830.38091,Tair
Lafayette IN,USA,16832.16463,16833.00543,16833.9083,16833.51548,16832.51039,16832.68773,16832.10183,16831.363,16831.17064,Tw
Lafayette LA,USA,17565.35536,17568.46615,17561.93669,17563.50881,17568.27316,17568.14186,17567.2723,17569.24701,17567.28452,UTCI
Lake Charles,USA,19105.57541,19103.90876,19113.10437,19111.05002,19106.17144,19106.99362,19107.68921,19104.73114,19109.94792,HI
Lakeland,USA,24254.50883,24259.15028,24256.86465,24254.60748,24255.97725,24255.37951,24255.6318,24256.50433,24254.09033,Tw
Lancaster,USA,23653.77911,23651.12001,23652.36645,23648.48819,23646.2414,23645.13671,23649.72472,23647.73269,23642.46475,Tw
Lansing,USA,20037.79769,20035.8161,20032.488,20033.86947,20035.18201,20034.83841,20034.39003,20035.17019,20033.53167,UTCI
Louisville,USA,26997.88019,26992.35796,26987.64576,26988.1908,26990.10769,26990.28149,26989.05606,26988.93114,26991.44956,UTCI
LaPorte,USA,17195.19585,17194.29896,17189.17013,17194.56346,17195.61841,17195.45843,17195.93371,17196.27198,17195.18108,UTCI
Los Angeles,USA,37438.81499,37473.23093,37489.36346,37521.55041,37564.04285,37591.29322,37550.63613,37577.1645,37681.92763,Tair
Las Vegas,USA,25951.81609,25953.33667,25953.1244,25956.81465,25956.15263,25955.49028,25960.53857,25956.38153,25953.96493,Tair
Little Rock,USA,22908.18726,22896.8704,22909.02359,22905.37496,22896.43662,22896.60051,22901.85686,22894.41404,22897.89132,Ts
Macon,USA,19760.82642,19759.31575,19766.99227,19765.12175,19767.00168,19769.72939,19764.23282,19765.90376,19778.84979,HI
McAllen,USA,21402.98892,21414.46248,21414.05785,21416.21078,21415.64352,21416.56427,21417.23742,21416.02446,21417.0919,Tair
Middles,USA,25340.68627,25341.17401,25351.34823,25345.05158,25343.5841,25343.91496,25343.56932,25341.59757,25344.26108,Tair
Middletown,USA,21562.16735,21562.88879,21562.83815,21564.82515,21567.55742,21568.67183,21565.68939,21566.27429,21571.99277,Tair
Medford,USA,19356.10675,19355.90398,19355.9638,19355.24081,19355.15466,19355.04037,19356.26284,19355.61514,19355.82325,TsWBG
Madison IL,USA,21518.84794,21518.81092,21524.01043,21519.78445,21517.84373,21517.63089,21517.7774,21517.44127,21515.57135,Tw
Modesto,USA,22758.64684,22757.3984,22751.65736,22752.5232,22752.53029,22751.39909,22751.58823,22750.86312,22747.42966,Tw
Madison WI,USA,21188.96752,21190.13406,21192.11878,21188.24112,21188.34076,21188.32725,21190.36141,21188.13627,21188.44282,Ts
Miami,USA,31414.06152,31414.27661,31428.87608,31425.69414,31413.36193,31414.25545,31411.4102,31412.45604,31416.53019,TWBG
Melbourne,USA,24000.1412,24001.69719,24004.86492,24006.01269,24009.03629,24010.27724,24002.92469,24007.20457,24012.04572,Tair
Milwaukee,USA,28878.06581,28870.41272,28895.49769,28881.27672,28873.08378,28873.51956,28876.70667,28874.48829,28878.46475,HI
Memphis,USA,27212.26866,27198.65055,27220.77658,27216.27364,27205.19364,27206.94329,27212.94436,27205.18699,27216.10102,HI
Monmouth,USA,28989.96253,28986.21177,29001.12338,28989.82998,28983.18093,28982.98707,28989.17657,28982.74125,28983.90509,Ts
Minneapolis,USA,29113.71923,29107.73384,29113.60969,29103.53189,29105.90842,29105.99665,29106.0073,29106.00805,29108.41927,APT
Montgomery,USA,20679.78762,20675.88862,20680.0712,20678.88591,20674.43201,20673.78648,20676.93161,20674.25165,20671.97616,Tw
Mobile,USA,23571.00754,23573.44763,23569.65384,23569.88273,23573.26653,23574.01768,23568.96962,23572.34869,23575.35904,TWBG
Monroe,USA,18323.15107,18321.53815,18324.7907,18322.67036,18319.6658,18319.31632,18321.63251,18319.79077,18320.08308,TsWBG
Mercer,USA,18645.74147,18644.72179,18649.22308,18644.94889,18643.51339,18643.4279,18646.06273,18644.09474,18644.11814,TsWBG
Marlboro,USA,23679.53368,23679.12919,23681.83451,23680.04458,23678.91353,23678.67597,23679.30414,23678.40029,23677.27671,Tw
Muskegon,USA,19252.29373,19248.73757,19252.73264,19248.885,19247.35582,19246.89108,19250.87603,19249.48968,19248.67381,TsWBG
Muncie,USA,17793.33573,17792.6241,17796.58026,17791.57258,17790.25075,17789.66574,17792.83795,17791.12892,17789.48672,Tw
Myrtle Beach,USA,18438.32269,18436.71889,18436.9778,18437.29758,18437.26004,18437.07024,18437.51592,18437.79196,18436.8094,HI
Nashua,USA,21725.436,21722.98875,21723.78708,21722.14643,21722.36854,21722.15691,21724.08667,21722.42066,21721.1599,Tw
Nassau,USA,32203.62007,32197.76409,32256.40323,32224.77945,32209.37343,32212.29155,32207.2851,32204.90044,32224.68692,HI
Niles,USA,19038.21586,19034.92943,19038.16022,19037.54007,19038.28087,19038.76607,19040.61407,19038.08272,19041.48648,HI
Norfolk,USA,27389.16494,27389.31016,27380.279,27384.13622,27386.93518,27387.24162,27384.72973,27386.30601,27386.98144,UTCI
Nashville,USA,25028.37141,25034.60286,25041.59064,25039.7423,25038.79516,25039.98871,25038.3799,25038.82944,25041.91517,Tair
Newburgh,USA,21541.18878,21541.30344,21542.72012,21540.2229,21539.67891,21539.5482,21539.69504,21539.09395,21538.56384,Tw
New Haven,USA,27171.63945,27165.82431,27178.53295,27166.65986,27163.67607,27164.33464,27163.3468,27162.11025,27167.81082,Ts
New London,USA,20478.30658,20477.88905,20492.71312,20482.72797,20477.94684,20478.45791,20475.80454,20476.07374,20479.83076,TWBG
New Orleans,USA,28305.53634,28297.66634,28320.26948,28319.01151,28297.06933,28296.99188,28299.89865,28296.65319,28299.62196,Ts
Newark,USA,28803.92426,28802.98503,28816.56263,28810.24334,28811.64092,28814.92961,28808.22733,28809.19147,28828.93544,HI
New York,USA,37888.25258,37882.97701,38037.90672,38009.53421,38024.84867,38061.21152,38002.12109,37996.14655,38201.1256,HI
Ocala,USA,21764.05905,21762.51601,21759.19731,21760.81113,21762.45711,21762.49855,21761.27807,21761.51942,21761.32753,UTCI
Oklahoma,USA,25807.48704,25808.13172,25805.02306,25806.52971,25809.15347,25809.0391,25807.88534,25808.89074,25807.39523,UTCI
Oakland,USA,30816.34017,30814.76897,30819.57472,30814.48467,30812.64629,30813.48161,30807.18341,30813.68639,30824.99444,TWBG
Omaha,USA,23352.6833,23353.86341,23351.58349,23352.33099,23352.26746,23352.06462,23353.72772,23352.81191,23350.77894,Tw
Orlando,USA,26981.8262,26985.5391,26978.60689,26982.58651,26987.2951,26987.23765,26986.43216,26987.86049,26988.06668,UTCI
Ottawa,USA,18270.32916,18270.14673,18275.9173,18271.93764,18268.22334,18268.12141,18270.46644,18267.63493,18267.0555,Tw
Philly,USA,35656.75001,35641.91188,35659.46378,35648.07374,35655.23456,35661.24489,35649.49115,35654.32102,35689.53126,HI
Phoenix,USA,30866.51332,30861.90898,30857.23228,30857.94701,30872.02149,30879.13641,30876.90125,30883.45543,30882.81309,UTCI
Palm Beach,USA,28597.59059,28603.23168,28609.23568,28606.6683,28604.09286,28605.4956,28600.3784,28601.90436,28608.07723,Tair
Plymouth,USA,23396.20017,23397.9407,23400.259,23399.15435,23398.03869,23398.52849,23397.03339,23396.38394,23400.99878,Tair
Pensacola,USA,21637.98059,21637.552,21641.29416,21640.77019,21637.31355,21637.43031,21638.10819,21637.84442,21637.94405,Hx
Portland OR,USA,28314.16386,28313.88613,28324.37283,28319.77309,28318.68634,28321.03678,28319.50659,28322.27246,28334.45524,HI
Provo,USA,18245.72517,18246.97523,18250.31464,18249.38606,18248.96292,18249.71824,18246.67034,18250.07538,18253.6804,Tair
Port Arthur,USA,22116.66299,22110.11635,22120.0685,22118.3788,22111.40338,22111.88221,22112.89721,22109.74534,22114.44512,Ts
Portage,USA,16873.28029,16873.94532,16874.41135,16874.25872,16874.94633,16875.40507,16874.09114,16875.42398,16877.2675,Tair
Portland ME,USA,21158.78878,21157.22133,21156.04197,21152.56703,21158.99255,21159.69624,21155.56805,21157.46628,21161.64796,APT
Providence,USA,29429.61561,29430.36592,29455.51705,29443.9568,29456.39899,29464.71162,29449.38291,29451.69541,29494.28748,Tair
Pittsburg,USA,30521.95655,30521.67616,30548.88058,30534.59819,30528.92919,30530.71752,30537.08474,30528.09929,30539.52393,HI
Richmond,USA,24688.48091,24687.84271,24688.95436,24688.33919,24688.52343,24688.68493,24689.20265,24688.32139,24689.04212,HI
Rochester,USA,26161.56915,26162.05173,26168.06363,26167.03777,26166.76876,26167.96445,26166.30018,26166.12772,26173.90299,Tair
Rockville,USA,24126.45776,24127.09954,24127.82913,24126.65985,24127.67079,24128.29034,24126.17763,24125.79856,24127.61028,Ts
reading,USA,23274.39958,23274.92338,23278.59813,23276.29159,23277.4477,23277.94709,23275.29121,23275.99334,23279.42957,Tair
Reno,USA,20580.906,20582.32471,20581.14526,20583.78676,20585.21806,20585.74927,20584.16099,20585.35071,20586.5539,Tair
Raleigh,USA,22015.69021,22015.78755,22022.60887,22018.91336,22015.02502,22015.30013,22017.01168,22014.50447,22016.1604,Ts
Riverside,USA,31771.69492,31770.18716,31771.72491,31770.68976,31772.21976,31773.62511,31773.43012,31773.40811,31782.06689,HI
Sacramento,USA,27549.92014,27549.19602,27549.72739,27550.0128,27549.00443,27549.20458,27551.25708,27548.80639,27551.82399,Ts
Scranton,USA,26963.49829,26962.66821,26966.38576,26961.60851,26962.57475,26963.22495,26964.20733,26962.29537,26966.2064,APT
San Diego,USA,31296.20827,31292.01433,31302.63464,31293.104,31287.51619,31287.40297,31289.8741,31286.9134,31288.87696,Ts
San Francisco,USA,29590.36836,29586.5305,29586.68199,29580.43143,29590.80279,29594.71476,29580.28144,29590.83946,29615.0015,TWBG
Salt Lake,USA,24104.48005,24103.7864,24107.80434,24105.08967,24102.76506,24102.9161,24106.20839,24103.85083,24105.81853,Hx
San Jose,USA,27843.07721,27841.60071,27838.31881,27840.67439,27844.76062,27847.53026,27840.95837,27849.64947,27867.00979,UTCI
Santa Barbara,USA,22330.48389,22329.29015,22327.1523,22328.06018,22329.73162,22330.1669,22329.30119,22327.30728,22332.26006,UTCI
San Antonio,USA,28204.18981,28196.31932,28196.41245,28191.06051,28188.90133,28187.78148,28190.42245,28190.76274,28188.50288,TsWBG
Spokane,USA,23219.20087,23217.68824,23212.232,23214.86686,23214.57159,23214.02222,23216.32246,23214.46243,23212.4877,UTCI
Springfield MA,USA,24544.82887,24541.57789,24544.44462,24540.48487,24541.9136,24542.83567,24540.77496,24541.50072,24547.27645,APT
Springfield MO,USA,20448.23598,20444.94017,20444.67866,20442.99931,20441.37289,20440.78797,20445.25365,20440.81736,20439.87717,Tw
Spartanburg,USA,20905.76536,20903.70838,20902.89612,20903.34751,20906.22084,20907.88296,20899.47005,20906.16671,20913.59026,TWBG
Sarasota,USA,26653.10187,26658.12729,26649.43105,26651.56435,26656.85107,26656.23893,26654.65641,26657.69262,26654.64383,UTCI
Saint Charles,USA,18150.55829,18151.04436,18148.55515,18150.58332,18151.23497,18151.04839,18150.75018,18150.94905,18150.20836,UTCI
Stockton,USA,23985.27461,23985.67568,23985.79353,23985.7803,23984.2203,23984.0181,23984.09037,23984.80617,23984.22687,TsWBG
Saint Clair,USA,21480.08154,21480.00855,21479.62974,21479.60805,21481.32528,21481.57311,21480.38323,21481.24735,21482.03467,APT
South bend,USA,21389.92282,21387.86108,21392.59986,21390.04741,21388.43862,21388.49288,21390.15133,21389.28429,21390.63048,HI
St. Louis,USA,30117.04479,30116.13448,30120.35855,30119.68411,30124.39612,30126.20809,30122.55235,30124.96551,30134.10341,HI
Stamford,USA,26445.04585,26444.27474,26454.87319,26450.21581,26450.93085,26452.95299,26449.30199,26449.37976,26460.73937,HI
St. Petersburg,USA,26909.1897,26908.37134,26907.67005,26904.8921,26904.94059,26904.66714,26900.92212,26905.39719,26903.99632,TWBG
State College,USA,15570.08196,15570.14731,15568.19084,15570.22398,15569.51983,15569.37919,15570.69449,15569.93187,15568.23382,UTCI
Seattle,USA,28871.64969,28870.83873,28885.82623,28872.90217,28870.12468,28870.60669,28873.82222,28870.44934,28873.69043,Hx
Tacoma,USA,24653.99041,24652.58371,24666.49027,24656.65326,24650.85211,24650.95808,24655.76079,24650.42716,24653.39111,Ts
Tampa,USA,26900.89915,26902.23529,26907.53667,26905.25952,26902.43247,26902.61506,26901.80172,26901.89511,26903.4215,Tair
Tucson,USA,25881.99464,25882.91793,25882.34887,25886.63107,25890.82613,25892.02853,25891.80526,25890.78892,25889.38071,Tair
Tallahassee,USA,17970.19891,17968.14607,17963.92395,17964.62395,17964.8034,17964.35478,17967.41518,17965.04484,17963.44113,Tw
Toledo,USA,25080.49297,25080.37308,25078.16449,25078.15625,25080.09207,25080.09563,25079.11059,25079.95357,25079.93406,APT
Topeka,USA,19246.39101,19246.44291,19242.07738,19242.67664,19244.9327,19244.92328,19245.51812,19245.28186,19245.04916,UTCI
Trenton,USA,22525.24803,22526.00072,22523.87671,22524.31264,22528.77572,22529.80921,22522.87419,22526.97461,22534.31078,TWBG
Terra Haute,USA,18065.04223,18063.52896,18062.58981,18061.92163,18060.99034,18060.5986,18061.97096,18061.63225,18059.22947,Tw
Tulsa,USA,25018.76663,25017.7033,25024.92715,25022.3715,25019.39249,25019.02832,25017.81124,25018.09951,25017.89698,HI
Visalia,USA,21696.57934,21695.82806,21695.79375,21694.65066,21692.61958,21691.59792,21696.34477,21691.71809,21688.70133,Tw
Vancouver,USA,19888.2686,19886.05048,19893.0312,19888.04341,19884.36294,19883.9487,19885.44074,19884.64602,19885.16027,TsWBG
Ventura,USA,24279.09892,24277.39328,24272.33897,24272.34871,24271.27638,24269.69789,24275.16001,24271.79883,24265.63998,Tw
Wichita,USA,23062.57473,23059.38314,23052.26951,23052.18083,23057.22719,23056.71365,23054.43954,23056.2414,23056.64132,APT
weber,USA,17925.01099,17924.31102,17923.45998,17923.39468,17922.27464,17922.46708,17922.45332,17922.14072,17924.46295,Ts
Wilmington,USA,23438.75863,23436.76334,23435.32534,23433.80607,23433.80578,23433.46464,23434.52283,23434.12066,23432.27441,Tw
Winston,USA,21694.04344,21690.18925,21686.51352,21686.10181,21689.469,21690.00373,21686.98198,21688.49466,21693.29044,APT
Worcester,USA,26464.71292,26462.80118,26480.64531,26470.02459,26468.66878,26471.62844,26466.62026,26466.14981,26483.31506,HI
WDC,USA,26588.17437,26583.80763,26581.26241,26584.06064,26588.95955,26589.98943,26583.47098,26588.32837,26593.22283,UTCI
Washington,USA,21611.73053,21610.54012,21613.59902,21611.40268,21609.4807,21609.68413,21613.24515,21609.21118,21610.35941,Ts
Youngstown,USA,24581.59634,24581.62023,24582.98188,24582.73019,24585.50181,24586.31208,24582.51849,24584.94045,24589.77292,Tair
York,USA,22489.97883,22487.64224,22492.00249,22492.16455,22492.97866,22493.52491,22492.95111,22493.36101,22496.60262,HI
Ho Chi Minh City,Vietnam,5118.079457,5124.309065,5140.331325,5137.551222,5135.119248,5147.096127,5115.881113,5122.798821,5194.753762,TWBG
Hue,Vietnam,3707.651511,3715.735244,3712.230636,3710.749074,3713.021064,3713.885797,3709.226262,3712.011294,3718.878029,Tair
